IsServed,CustomerIndex,Penalty,ParcelVolume
1,1,600.000000,2.027333
0,2,600.000000,2.136171
1,3,600.000000,2.393927
1,4,600.000000,2.603448
0,5,600.000000,2.130082
0,6,600.000000,2.010502
0,7,600.000000,1.329399
1,8,600.000000,2.538863
0,9,600.000000,4.829398
