DroneIndex,iIndex,jIndex,kIndex,iX,iY,jX,jY,kX,kY,Launch[i],Arrival[j],Launch[j],Retrieval[k]
0,0,4,10,29.226936,40.898724,29.262520,40.975326,29.226936,40.898724,120.000000,596.735000,656.735000,1223.510000
2,0,8,10,29.226936,40.898724,29.283797,40.967855,29.226936,40.898724,60.000000,651.340000,711.340000,1372.205000
1,0,1,10,29.226936,40.898724,29.244091,40.980026,29.226936,40.898724,240.000000,701.235000,761.235000,1314.945000
3,0,3,10,29.226936,40.898724,29.270319,40.937479,29.226936,40.898724,180.000000,584.345000,644.345000,1104.945000
