Index,X,Y,CompletionTime
0,29.281065,40.949782,180.000000
2,29.269837,40.989924,752.200000
8,29.281065,40.949782,1558.764999
