Index,X,Y,Type
0,28.924178,40.993766,TRUCK
1,28.904697,41.097210,TRUCK
2,29.250195,41.022940,TRUCK
3,29.094148,41.111048,UAVELIGIBLE
4,29.095105,41.021970,UAVELIGIBLE
5,29.075481,40.959513,TRUCK
6,28.864800,41.038042,UAVELIGIBLE
7,28.900482,40.996183,UAVELIGIBLE
8,28.999257,41.071889,UAVELIGIBLE
9,29.261770,41.014579,UAVELIGIBLE
10,28.924178,40.993766,TRUCK
