Index,X,Y,CompletionTime
0,28.924178,40.993766,0.000000
1,28.904697,41.097210,705.080000
9,29.261770,41.014579,1786.770000
8,28.999257,41.071889,1861.290000
2,29.250195,41.022940,4288.430000
6,28.864800,41.038042,5106.400000
4,29.095105,41.021970,6389.040000
7,28.900482,40.996183,7511.150000
3,29.094148,41.111048,7773.290000
5,29.075481,40.959513,11045.740000
10,28.924178,40.993766,13646.100000
