Index,X,Y,CompletionTime
0,28.746189,41.191168,0.000000
8,28.746189,41.191168,0.000000
