Index,X,Y,CompletionTime
0,29.087121,41.137799,0.000000
8,29.087121,41.137799,0.000000
