IsServed,CustomerIndex,Penalty,ParcelVolume
0,1,12.309678,7.559983
1,2,7.405364,2.146139
1,3,11.374174,1.460084
1,4,10.504370,2.273912
1,5,10.975453,1.870504
1,6,8.332184,2.442452
1,7,8.851892,2.404076
1,8,14.848415,2.044119
1,9,13.791825,2.334902
