DroneIndex,iIndex,jIndex,kIndex,iX,iY,jX,jY,kX,kY,Launch[i],Arrival[j],Launch[j],Retrieval[k]
3,7,6,10,28.820287,41.039158,28.899415,40.992468,28.708302,41.028654,8624.950000,9131.155000,9191.155000,10029.150000
4,9,3,7,28.674086,41.156142,28.763392,41.036689,28.820287,41.039158,6983.900000,7792.245000,7852.245000,8504.950000
4,7,4,10,28.820287,41.039158,28.951533,41.024870,28.708302,41.028654,8564.950000,9130.035000,9190.035000,10059.150000
0,7,8,10,28.820287,41.039158,28.853122,41.022436,28.708302,41.028654,8714.950000,8987.705000,9047.705000,10089.150000
