Index,X,Y
0,28.834787,41.017739
8,28.710640,41.028968
7,28.797390,40.973078
5,29.092703,40.969198
2,29.216322,40.921457
6,29.393758,40.809153
4,28.981220,41.042958
1,28.959206,41.024611
9,28.947194,41.018725
3,28.825400,41.069039
10,28.834787,41.017739
