Index,X,Y,CompletionTime
0,28.746189,41.191168,120.000000
4,28.836921,41.001901,1638.410000
8,28.746189,41.191168,3078.830000
