IsServed,CustomerIndex,Penalty,ParcelVolume
0,1,900.000000,2.366351
1,2,900.000000,2.344051
0,3,900.000000,1.945305
1,4,900.000000,2.264801
1,5,900.000000,1.746571
1,6,900.000000,1.566749
0,7,900.000000,1.996797
