IsServed,CustomerIndex,Penalty,ParcelVolume
1,1,2400.000000,2.011387
1,2,2400.000000,2.428960
1,3,2400.000000,2.147339
1,4,2400.000000,1.716949
1,5,2400.000000,5.805883
0,6,2400.000000,5.624024
1,7,2400.000000,1.835120
1,8,2400.000000,2.233128
1,9,2400.000000,7.075542
1,10,2400.000000,1.641237
1,11,2400.000000,2.329963
