Index,X,Y
0,29.087121,41.137799
3,28.952354,41.060017
2,28.733663,40.979736
4,28.712801,40.998845
1,28.646187,40.995593
5,28.975788,41.036729
7,29.102451,40.958433
6,29.206698,41.011642
8,29.087121,41.137799
