Index,X,Y,CompletionTime
0,28.834787,41.017739,0.000000
1,28.959206,41.024611,1203.190000
4,28.981220,41.042958,1603.590000
9,28.947194,41.018725,2423.120000
10,28.834787,41.017739,3355.010000
