Index,X,Y,CompletionTime
0,29.226936,40.898724,60.000000
1,29.244091,40.980026,1162.470000
2,29.155556,41.041249,2340.460000
9,28.907790,41.008608,3856.920000
10,29.226936,40.898724,5953.800000
