Index,X,Y
0,29.281065,40.949782
4,29.369938,40.791902
5,29.106361,40.970183
7,28.787924,40.994844
3,28.777052,40.994713
1,28.886965,41.038416
6,29.210152,41.009734
2,29.269837,40.989924
8,29.281065,40.949782
