Index,X,Y,CompletionTime
0,29.035352,40.986610,0.000000
9,29.178646,40.887988,1093.270000
1,29.276702,40.949192,2239.710000
7,29.109232,41.124963,4355.460000
5,29.011909,41.082770,5808.215000
3,29.005234,41.043567,6292.255000
10,29.035352,40.986610,7141.554999
