Index,X,Y,Type
0,28.746189,41.191168,TRUCK
1,29.153167,40.940299,UAVELIGIBLE
2,28.991278,41.080764,UAVELIGIBLE
3,28.736074,40.974713,UAVELIGIBLE
4,28.836921,41.001901,UAVELIGIBLE
5,29.259813,41.025283,UAVELIGIBLE
6,29.022498,41.097219,UAVELIGIBLE
7,29.146891,41.143877,UAVELIGIBLE
8,28.746189,41.191168,TRUCK
