DroneIndex,iIndex,jIndex,kIndex,iX,iY,jX,jY,kX,kY,Launch[i],Arrival[j],Launch[j],Retrieval[k]
0,0,5,3,29.087121,41.137799,28.975788,41.036729,28.952354,41.060017,60.000000,829.485000,889.485000,1462.739999
0,3,4,2,28.952354,41.060017,28.712801,40.998845,28.733663,40.979736,1522.739999,2190.914999,2250.914999,2768.109999
