Index,X,Y,CompletionTime
0,29.087121,41.137799,60.000000
3,28.952354,41.060017,1522.739999
2,28.733663,40.979736,2768.109999
1,28.646187,40.995593,3392.529999
7,29.102451,40.958433,5967.209999
6,29.206698,41.011642,6983.909999
8,29.087121,41.137799,8286.569999
