Index,X,Y
0,29.160101,40.912204
3,29.574359,40.771971
4,29.175865,41.032567
1,28.771271,41.288929
2,28.840886,41.045646
5,28.836036,41.063093
7,29.054382,40.992314
6,29.119100,40.944515
8,29.160101,40.912204
