IsServed,CustomerIndex,Penalty,ParcelVolume
1,1,2400.000000,2.163207
1,2,2400.000000,6.205636
1,3,2400.000000,1.860430
1,4,2400.000000,1.812634
1,5,2400.000000,1.619156
1,6,2400.000000,1.285469
1,7,2400.000000,2.552930
