Index,X,Y,CompletionTime
0,29.281065,40.949782,824.300000
8,29.281065,40.949782,1558.765000
