DroneIndex,iIndex,jIndex,kIndex,iX,iY,jX,jY,kX,kY,Launch[i],Arrival[j],Launch[j],Retrieval[k]
0,2,1,4,29.282735,40.951153,29.193630,41.013466,29.100958,41.039687,1102.230000,1630.265000,1690.265000,2546.670000
0,4,6,3,29.100958,41.039687,28.941664,41.008078,28.965446,41.005001,2636.669999,3248.204999,3308.204999,3913.849999
1,2,5,4,29.282735,40.951153,29.097164,41.110738,29.100958,41.039687,1042.230000,1871.570000,1931.570000,2456.670000
1,4,7,3,29.100958,41.039687,28.843642,41.038988,28.965446,41.005001,2516.670000,3316.705000,3376.705000,3943.849999
