IsServed,CustomerIndex,Penalty,ParcelVolume
0,1,600.000000,1.263570
0,2,600.000000,1.724494
0,3,600.000000,1.909771
0,4,600.000000,2.029386
1,5,600.000000,2.153352
1,6,600.000000,1.839091
1,7,600.000000,2.006396
0,8,600.000000,4.076319
0,9,600.000000,4.767487
0,10,600.000000,2.749118
0,11,600.000000,2.046456
