DroneIndex,iIndex,jIndex,kIndex,iX,iY,jX,jY,kX,kY,Launch[i],Arrival[j],Launch[j],Retrieval[k]
2,0,7,12,29.109739,41.137734,29.127894,40.939351,29.109739,41.137734,60.000000,662.420000,722.420000,1346.150000
1,0,6,12,29.109739,41.137734,29.022908,41.076965,29.109739,41.137734,180.000000,683.665000,743.665000,1279.890000
0,0,5,12,29.109739,41.137734,29.042271,41.121200,29.109739,41.137734,120.000000,661.495000,721.495000,1316.150000
