Index,X,Y,Type
0,29.109739,41.137734,TRUCK
1,28.779964,41.041090,UAVELIGIBLE
2,29.225230,41.223717,UAVELIGIBLE
3,28.834013,41.058517,UAVELIGIBLE
4,28.942386,41.028146,UAVELIGIBLE
5,29.042271,41.121200,UAVELIGIBLE
6,29.022908,41.076965,UAVELIGIBLE
7,29.127894,40.939351,UAVELIGIBLE
8,29.194277,41.018599,TRUCK
9,29.302048,40.954754,TRUCK
10,28.862188,41.036743,UAVELIGIBLE
11,28.840900,41.027410,UAVELIGIBLE
12,29.109739,41.137734,TRUCK
