Index,X,Y,CompletionTime
0,29.109739,41.137734,180.000000
12,29.109739,41.137734,1346.150000
