IsServed,CustomerIndex,Penalty,ParcelVolume
1,1,1500.000000,5.574915
1,2,1500.000000,2.143402
1,3,1500.000000,5.530386
1,4,1500.000000,1.362316
1,5,1500.000000,1.728155
1,6,1500.000000,1.375705
1,7,1500.000000,1.366809
1,8,1500.000000,1.778269
1,9,1500.000000,4.388623
