Index,X,Y,CompletionTime
0,29.035352,40.986610,0.000000
7,29.109232,41.124963,1834.900000
5,29.011909,41.082770,3227.655000
3,29.005234,41.043567,3711.695000
10,29.035352,40.986610,4560.995000
