DroneIndex,iIndex,jIndex,kIndex,iX,iY,jX,jY,kX,kY,Launch[i],Arrival[j],Launch[j],Retrieval[k]
2,0,6,7,28.708302,41.028654,28.899415,40.992468,28.820287,41.039158,60.000000,822.830000,882.830000,1458.590000
1,7,4,10,28.820287,41.039158,28.951533,41.024870,28.708302,41.028654,1518.590000,2083.675000,2143.675000,2982.790000
0,7,3,10,28.820287,41.039158,28.763392,41.036689,28.708302,41.028654,1638.590000,2011.140000,2071.140000,2952.790000
0,0,8,7,28.708302,41.028654,28.853122,41.022436,28.820287,41.039158,120.000000,850.730000,910.730000,1578.590000
