Index, x, y
0, 7.309678, 2.405364
1, 6.374174, 5.504370
2, 5.975453, 3.332184
3, 3.851892, 9.848415
4, 8.791825, 9.412492
5, 2.749540, 1.288972
6, 1.466017, 0.232381
7, 5.467398, 9.644869
8, 1.044907, 6.251464
9, 4.107962, 7.763123
