IsServed,CustomerIndex,Penalty,ParcelVolume
1,1,1800.000000,1.885080
0,2,1800.000000,2.667231
1,3,1800.000000,2.503548
0,4,1800.000000,2.078625
1,5,1800.000000,8.266713
1,6,1800.000000,2.258153
1,7,1800.000000,4.401230
1,8,1800.000000,4.774635
1,9,1800.000000,1.942714
