Index,X,Y,CompletionTime
0,29.035352,40.986610,-0.000000
9,29.178646,40.887988,1093.270000
7,29.109232,41.124963,3199.245000
5,29.011909,41.082770,4616.875000
3,29.005234,41.043567,5100.915000
10,29.035352,40.986610,5950.215000
