DroneIndex,iIndex,jIndex,kIndex,iX,iY,jX,jY,kX,kY,Launch[i],Arrival[j],Launch[j],Retrieval[k]
3,7,3,8,29.102451,40.958433,28.952354,41.060017,29.087121,41.137799,2508.410000,3117.220000,3177.220000,3937.035000
0,7,5,8,29.102451,40.958433,28.975788,41.036729,29.087121,41.137799,2448.410000,3115.830000,3175.830000,3973.685000
