Index,X,Y,CompletionTime
0,29.087121,41.137799,0.000000
6,29.206698,41.011642,1347.860000
7,29.102451,40.958433,2538.410000
8,29.087121,41.137799,3973.685000
