Index,X,Y,CompletionTime
0,28.708302,41.028654,180.000000
10,28.708302,41.028654,1586.865000
