IsServed,CustomerIndex,Penalty,ParcelVolume
0,1,900.000000,2.163207
0,2,900.000000,6.205636
0,3,900.000000,1.860430
0,4,900.000000,1.812634
0,5,900.000000,1.619156
0,6,900.000000,1.285469
0,7,900.000000,2.552930
