Index,X,Y,CompletionTime
0,29.333761,40.878938,0.000000
8,29.333761,40.878938,0.000000
