IsServed,CustomerIndex,Penalty,ParcelVolume
1,1,2400.000000,2.027333
1,2,2400.000000,2.136171
1,3,2400.000000,2.393927
1,4,2400.000000,2.603448
0,5,2400.000000,2.130082
0,6,2400.000000,2.010502
1,7,2400.000000,1.329399
1,8,2400.000000,2.538863
1,9,2400.000000,4.829398
