Index,X,Y
0,29.226936,40.898724
10,29.226936,40.898724
