DroneIndex,iIndex,jIndex,kIndex,iX,iY,jX,jY,kX,kY,Launch[i],Arrival[j],Launch[j],Retrieval[k]
0,3,4,2,28.952354,41.060017,28.712801,40.998845,28.733663,40.979736,1462.740000,2130.915000,2190.915000,2738.110000
1,3,5,2,28.952354,41.060017,28.975788,41.036729,28.733663,40.979736,1402.740000,1616.660000,1676.660000,2768.110000
