Index,X,Y,CompletionTime
0,29.087121,41.137799,0.000000
3,28.952354,41.060017,1492.740000
2,28.733663,40.979736,2768.110000
1,28.646187,40.995593,3392.530000
7,29.102451,40.958433,5967.210000
6,29.206698,41.011642,6983.910000
8,29.087121,41.137799,8286.570000
