Index,X,Y,CompletionTime
0,29.254417,40.965782,0.000000
10,29.254417,40.965782,0.000000
