Index,X,Y,Type
0,29.087121,41.137799,TRUCK
1,28.646187,40.995593,TRUCK
2,28.733663,40.979736,UAVELIGIBLE
3,28.952354,41.060017,UAVELIGIBLE
4,28.712801,40.998845,UAVELIGIBLE
5,28.975788,41.036729,UAVELIGIBLE
6,29.206698,41.011642,TRUCK
7,29.102451,40.958433,TRUCK
8,29.087121,41.137799,TRUCK
