IsServed,CustomerIndex,Penalty,ParcelVolume
0,1,600.000000,5.316839
0,2,600.000000,2.252458
0,3,600.000000,2.207503
0,4,600.000000,1.563182
0,5,600.000000,2.119034
0,6,600.000000,5.995723
0,7,600.000000,5.992566
