IsServed,CustomerIndex,Penalty,ParcelVolume
1,1,2100.000000,2.011387
1,2,2100.000000,2.428960
1,3,2100.000000,2.147339
1,4,2100.000000,1.716949
1,5,2100.000000,5.805883
0,6,2100.000000,5.624024
1,7,2100.000000,1.835120
0,8,2100.000000,2.233128
1,9,2100.000000,7.075542
1,10,2100.000000,1.641237
1,11,2100.000000,2.329963
