IsServed,CustomerIndex,Penalty,ParcelVolume
0,1,2400.000000,5.574915
1,2,2400.000000,2.143402
1,3,2400.000000,5.530386
1,4,2400.000000,1.362316
1,5,2400.000000,1.728155
1,6,2400.000000,1.375705
1,7,2400.000000,1.366809
1,8,2400.000000,1.778269
1,9,2400.000000,4.388623
