Index,X,Y
0,29.333761,40.878938
8,29.333761,40.878938
