DroneIndex,iIndex,jIndex,kIndex,iX,iY,jX,jY,kX,kY,Launch[i],Arrival[j],Launch[j],Retrieval[k]
4,4,7,8,29.175865,41.032567,29.054382,40.992314,29.160101,40.912204,4129.230000,4628.340000,4688.340000,5556.530000
3,4,6,8,29.175865,41.032567,29.119100,40.944515,29.160101,40.912204,4219.230000,4670.455000,4730.455000,5586.530000
