Index,X,Y
0,28.708302,41.028654
10,28.708302,41.028654
