IsServed,CustomerIndex,Penalty,ParcelVolume
1,1,900.000000,2.027333
0,2,900.000000,2.136171
1,3,900.000000,2.393927
1,4,900.000000,2.603448
0,5,900.000000,2.130082
0,6,900.000000,2.010502
0,7,900.000000,1.329399
1,8,900.000000,2.538863
0,9,900.000000,4.829398
