DroneIndex,iIndex,jIndex,kIndex,iX,iY,jX,jY,kX,kY,Launch[i],Arrival[j],Launch[j],Retrieval[k]
0,0,1,10,29.226936,40.898724,29.244091,40.980026,29.226936,40.898724,120.000000,581.235000,641.235000,1194.945000
3,0,4,10,29.226936,40.898724,29.262520,40.975326,29.226936,40.898724,180.000000,656.735000,716.735000,1342.205000
1,0,8,10,29.226936,40.898724,29.283797,40.967855,29.226936,40.898724,60.000000,651.340000,711.340000,1372.205000
4,0,3,10,29.226936,40.898724,29.270319,40.937479,29.226936,40.898724,240.000000,644.345000,704.345000,1121.945000
