Index,X,Y,Type
0,29.208318,40.917406,TRUCK
1,29.327241,40.872034,UAVELIGIBLE
2,28.711601,41.029656,UAVELIGIBLE
3,29.043221,41.121139,UAVELIGIBLE
4,29.040201,41.185680,UAVELIGIBLE
5,29.127790,41.014931,TRUCK
6,29.370261,40.790880,TRUCK
7,28.710131,41.000160,UAVELIGIBLE
8,29.039768,41.250214,UAVELIGIBLE
9,29.173865,41.029684,TRUCK
10,28.853434,41.108375,UAVELIGIBLE
11,29.052888,41.084368,UAVELIGIBLE
12,29.208318,40.917406,TRUCK
