Index,X,Y,CompletionTime
0,29.208318,40.917406,119.994767
9,29.173865,41.029684,1273.440000
5,29.127790,41.014931,1903.504580
3,29.043221,41.121139,3416.094580
4,29.040201,41.185680,4651.794580
2,28.711601,41.029656,6952.114580
7,28.710131,41.000160,7543.834580
12,29.208318,40.917406,10408.754580
