DroneIndex,iIndex,jIndex,kIndex,iX,iY,jX,jY,kX,kY,Launch[i],Arrival[j],Launch[j],Retrieval[k]
0,9,2,1,29.178646,40.887988,29.227840,40.987467,29.276702,40.949192,1153.270000,1592.765000,1652.765000,2359.710000
0,6,7,5,29.162126,41.176382,29.109232,41.124963,29.011909,41.082770,5193.740000,5656.400000,5716.400000,6581.260000
0,5,8,10,29.011909,41.082770,28.953842,41.018752,29.035352,40.986610,6641.260000,7079.400000,7139.400000,7944.600000
