Index,X,Y,CompletionTime
0,29.035352,40.986610,0.000000
9,29.178646,40.887988,1153.270000
1,29.276702,40.949192,2359.710000
4,29.167862,41.205026,4809.050000
6,29.162126,41.176382,5193.732056
5,29.011909,41.082770,6641.252056
3,29.005234,41.043567,7125.292056
10,29.035352,40.986610,7944.592056
