Index,X,Y
0,28.773063,40.998369
12,28.773063,40.998369
