IsServed,CustomerIndex,Penalty,ParcelVolume
0,1,1800.000000,2.366351
1,2,1800.000000,2.344051
0,3,1800.000000,1.945305
1,4,1800.000000,2.264801
1,5,1800.000000,1.746571
1,6,1800.000000,1.566749
0,7,1800.000000,1.996797
