DroneIndex,iIndex,jIndex,kIndex,iX,iY,jX,jY,kX,kY,Launch[i],Arrival[j],Launch[j],Retrieval[k]
3,0,6,8,29.281065,40.949782,29.210152,41.009734,29.281065,40.949782,180.000000,629.230000,689.230000,1492.620000
1,0,4,8,29.281065,40.949782,29.369938,40.791902,29.281065,40.949782,60.000000,713.609999,773.609999,1558.764999
2,0,5,8,29.281065,40.949782,29.106361,40.970183,29.281065,40.949782,120.000000,788.635000,848.635000,1462.620000
