Index,X,Y,Type
0,29.265559,40.958344,TRUCK
1,29.051850,41.143973,UAVELIGIBLE
2,29.140423,41.012402,UAVELIGIBLE
3,28.599332,41.070344,UAVELIGIBLE
4,29.272940,40.974131,UAVELIGIBLE
5,29.276028,40.979791,UAVELIGIBLE
6,28.855365,41.016280,UAVELIGIBLE
7,29.191717,41.155997,UAVELIGIBLE
8,29.137572,41.023836,UAVELIGIBLE
9,28.782492,41.012795,TRUCK
10,29.265559,40.958344,TRUCK
