Index,X,Y,CompletionTime
0,29.265559,40.958344,0.000000
1,29.051850,41.143973,705.080000
9,28.782492,41.012795,1786.770000
8,29.137572,41.023836,1861.290000
2,29.140423,41.012402,4288.430000
6,28.855365,41.016280,5106.400000
4,29.272940,40.974131,6389.040000
7,29.191717,41.155997,7511.150000
3,28.599332,41.070344,7773.290000
5,29.276028,40.979791,11045.740000
10,29.265559,40.958344,13646.100000
