IsServed,CustomerIndex,Penalty,ParcelVolume
1,1,1800.000000,1.866207
0,2,1800.000000,4.147924
1,3,1800.000000,5.986545
1,4,1800.000000,2.461566
1,5,1800.000000,1.633426
0,6,1800.000000,5.596053
1,7,1800.000000,5.525762
1,8,1800.000000,2.543976
1,9,1800.000000,7.564198
1,10,1800.000000,1.823265
1,11,1800.000000,2.129369
