Index,X,Y,CompletionTime
0,28.834787,41.017739,906.655000
10,28.834787,41.017739,1194.175000
