Index,X,Y,CompletionTime
0,28.703990,41.023683,0.000000
3,28.955996,41.065625,1868.190000
7,29.124343,41.139730,3486.679076
11,29.139039,40.969049,4904.543806
8,28.887595,41.013361,6614.993806
9,28.711368,41.008279,7766.642848
12,28.703990,41.023683,7991.965289
