Index,X,Y,Type
0,29.254417,40.965782,TRUCK
1,28.700795,41.036957,UAVELIGIBLE
2,29.385578,40.758678,UAVELIGIBLE
3,29.163916,41.142511,UAVELIGIBLE
4,29.267314,40.813155,UAVELIGIBLE
5,29.280109,40.981300,TRUCK
6,28.989931,41.046271,UAVELIGIBLE
7,29.218978,41.011852,TRUCK
8,29.031988,41.163822,TRUCK
9,28.695177,41.033847,UAVELIGIBLE
10,29.254417,40.965782,TRUCK
