osm_id,osm_way_id,xcoord,ycoord
,543507892,28.76809797,41.04806939
,544866956,28.79175082,40.99414121
,547899038,29.23460075,40.8831296
,603104592,29.42112795,40.8585018
,626336845,29.33116967,40.87206536
,677700482,29.30532284,40.86927992
,691291755,29.47622344,41.12260307
,718909010,29.14052316,41.16334127
,722479040,29.14853456,41.1416675
,856071328,28.45736603,41.146228
