osm_id,osm_way_id,xcoord,ycoord
,536197145,29.2830195,40.95358085
,537053057,29.28911653,40.96026647
,554503113,28.77276021,41.02423077
,569591371,29.10239929,41.05289252
,572442873,29.21915652,41.01478778
,634206547,29.3588111,40.89565265
,896606134,29.0566529,41.23323535
,897382753,29.0021261,41.0783467
,926974420,28.71026008,41.0261567
,1035773179,28.73684315,40.97704115
