osm_id,xcoord,ycoord
0,29.442315,40.80533085
1,29.2459755,40.9691524
2,29.2509623,40.9630221
3,29.27877451,40.97783943
4,28.85102015,41.02541022
5,28.85214898,41.10828983
6,29.16017889,41.17173403
