IsServed,CustomerIndex,Penalty,ParcelVolume
0,1,600.000000,2.011387
0,2,600.000000,2.428960
0,3,600.000000,2.147339
0,4,600.000000,1.716949
0,5,600.000000,5.805883
0,6,600.000000,5.624024
0,7,600.000000,1.835120
0,8,600.000000,2.233128
0,9,600.000000,7.075542
0,10,600.000000,1.641237
0,11,600.000000,2.329963
