Index,X,Y,CompletionTime
0,29.208318,40.917406,0.000000
12,29.208318,40.917406,0.000000
