,xcoord,ycoord,Type,ParcelVolume
0,29.08712085,41.13779865,TRUCK,0
1,28.6461874915169,40.995593071443,TRUCK,5.3168392281549135
2,28.73366315,40.9797355,UAVELIGIBLE,2.2524584559629046
3,28.9523537250528,41.0600173076009,UAVELIGIBLE,2.2075034178414503
4,28.71280065,40.9988454,UAVELIGIBLE,1.5631824442436208
5,28.9757876,41.03672905,UAVELIGIBLE,2.1190337926044336
6,29.2066975832186,41.0116416393003,TRUCK,5.9957231584714155
7,29.102451322059,40.9584326691961,TRUCK,5.992566447500771
8,29.08712085,41.13779865,TRUCK,0
