,xcoord,ycoord,Type,ParcelVolume
0,28.7461891579013,41.1911677273277,TRUCK,0
1,29.15316655,40.9402989,UAVELIGIBLE,2.227639831681897
2,28.9912775694436,41.0807637874163,UAVELIGIBLE,2.267854429372347
3,28.7360743540121,40.9747131688308,UAVELIGIBLE,1.6456462798113423
4,28.836920892064,41.0019014081669,UAVELIGIBLE,2.02590674480057
5,29.2598127808029,41.0252827916489,UAVELIGIBLE,2.132113508189259
6,29.0224983306853,41.0972191410503,UAVELIGIBLE,1.6191430175968318
7,29.14689095,41.14387655,UAVELIGIBLE,1.9558793924905138
8,28.7461891579013,41.1911677273277,TRUCK,0
