,xcoord,ycoord,Type,ParcelVolume
0,29.2810651,40.94978215,TRUCK,0
1,28.8869651038987,41.038415965135,UAVELIGIBLE,2.3663509224343833
2,29.2698373664981,40.9899238502815,UAVELIGIBLE,2.3440512657629653
3,28.7770523873841,40.9947134221625,UAVELIGIBLE,1.9453048808003865
4,29.3699377678998,40.7919016012105,UAVELIGIBLE,2.26480137736891
5,29.1063607040788,40.9701831752356,UAVELIGIBLE,1.746570545339482
6,29.2101515374837,41.0097337962959,UAVELIGIBLE,1.5667488791973994
7,28.7879243082483,40.994843782866,UAVELIGIBLE,1.9967969054437016
8,29.2810651,40.94978215,TRUCK,0
