,xcoord,ycoord,Type,ParcelVolume
0,29.1601008,40.91220365,TRUCK,0
1,28.7712705,41.28892935,UAVELIGIBLE,2.2442435142688617
2,28.8408855471738,41.0456464479404,UAVELIGIBLE,1.8842978591677095
3,29.5743585719003,40.7719713942281,UAVELIGIBLE,1.9778165308925364
4,29.1758646836805,41.0325669166176,TRUCK,7.5813888893152255
5,28.8360362659305,41.0630933883546,UAVELIGIBLE,2.644422396640062
6,29.11909975,40.94451525,UAVELIGIBLE,1.9915253713508037
7,29.05438225,40.9923139,UAVELIGIBLE,2.070633690766846
8,29.1601008,40.91220365,TRUCK,0
