,xcoord,ycoord,Type,ParcelVolume
0,29.3337614296929,40.8789382945054,TRUCK,0
1,29.1936304827362,41.0134661767712,UAVELIGIBLE,2.1632071088409024
2,29.2827351368148,40.9511534402655,TRUCK,6.205636265573881
3,28.96544585,41.0050008,UAVELIGIBLE,1.8604297034028185
4,29.1009579214755,41.03968660531,UAVELIGIBLE,1.8126335932778868
5,29.0971644,41.1107379,UAVELIGIBLE,1.619156389498111
6,28.9416644283174,41.008077997053,UAVELIGIBLE,1.2854694487843172
7,28.8436421,41.03898755,UAVELIGIBLE,2.5529300291742554
8,29.3337614296929,40.8789382945054,TRUCK,0
