IsServed,CustomerIndex,Penalty,ParcelVolume
0,1,1200.000000,1.885080
0,2,1200.000000,2.667231
0,3,1200.000000,2.503548
0,4,1200.000000,2.078625
1,5,1200.000000,8.266713
0,6,1200.000000,2.258153
1,7,1200.000000,4.401230
0,8,1200.000000,4.774635
0,9,1200.000000,1.942714
