DroneIndex,iIndex,jIndex,kIndex,iX,iY,jX,jY,kX,kY,Launch[i],Arrival[j],Launch[j],Retrieval[k]
1,1,5,9,28.959206,41.024611,29.092703,40.969198,28.947194,41.018725,1113.190000,1717.590000,1777.590000,2423.120000
0,1,3,9,28.959206,41.024611,28.825400,41.069039,28.947194,41.018725,1248.930000,1648.125000,1708.125000,2197.690000
0,9,7,10,28.947194,41.018725,28.797390,40.973078,28.834787,41.017739,2257.690000,2849.870000,2909.870000,3355.010000
