xcoord,ycoord
29.08712085,41.13779865
28.6461874915169,40.995593071443
28.73366315,40.9797355
28.9523537250528,41.0600173076009
28.71280065,40.9988454
28.9757876,41.03672905
29.2066975832186,41.0116416393003
29.102451322059,40.9584326691961
