xcoord,ycoord
28.7461891579013,41.1911677273277
29.15316655,40.9402989
28.9912775694436,41.0807637874163
28.7360743540121,40.9747131688308
28.836920892064,41.0019014081669
29.2598127808029,41.0252827916489
29.0224983306853,41.0972191410503
29.14689095,41.14387655
