xcoord,ycoord
29.1601008,40.91220365
28.7712705,41.28892935
28.8408855471738,41.0456464479404
29.5743585719003,40.7719713942281
29.1758646836805,41.0325669166176
28.8360362659305,41.0630933883546
29.11909975,40.94451525
29.05438225,40.9923139
