xcoord,ycoord
29.2810651,40.94978215
28.8869651038987,41.038415965135
29.2698373664981,40.9899238502815
28.7770523873841,40.9947134221625
29.3699377678998,40.7919016012105
29.1063607040788,40.9701831752356
29.2101515374837,41.0097337962959
28.7879243082483,40.994843782866
