xcoord,ycoord
29.3337614296929,40.8789382945054
29.1936304827362,41.0134661767712
29.2827351368148,40.9511534402655
28.96544585,41.0050008
29.1009579214755,41.03968660531
29.0971644,41.1107379
28.9416644283174,41.008077997053
28.8436421,41.03898755
