IsServed,CustomerIndex,Penalty,ParcelVolume
1,1,2400.000000,5.316839
1,2,2400.000000,2.252458
1,3,2400.000000,2.207503
1,4,2400.000000,1.563182
1,5,2400.000000,2.119034
1,6,2400.000000,5.995723
1,7,2400.000000,5.992566
