DroneIndex,iIndex,jIndex,kIndex,iX,iY,jX,jY,kX,kY,Launch[i],Arrival[j],Launch[j],Retrieval[k]
1,4,3,8,28.836921,41.001901,28.736074,40.974713,28.746189,41.191168,5522.740000,5911.530000,5971.530000,7023.160000
1,1,5,2,29.153167,40.940299,29.259813,41.025283,28.991278,41.080764,2760.120000,3339.525000,3399.525000,4264.090000
0,2,6,4,28.991278,41.080764,29.022498,41.097219,28.836921,41.001901,4234.090000,4502.580000,4562.580000,5552.740000
0,1,7,2,29.153167,40.940299,29.146891,41.143877,28.991278,41.080764,2700.120000,3465.005000,3525.005000,4174.090000
