Index,X,Y,Type
0,28.703990,41.023683,TRUCK
1,29.164102,41.185433,UAVELIGIBLE
2,29.386209,40.803489,TRUCK
3,28.955996,41.065625,TRUCK
4,29.125890,40.954389,UAVELIGIBLE
5,29.259612,40.985254,UAVELIGIBLE
6,28.823119,40.980178,TRUCK
7,29.124343,41.139730,TRUCK
8,28.887595,41.013361,UAVELIGIBLE
9,28.711368,41.008279,TRUCK
10,29.219816,40.958295,UAVELIGIBLE
11,29.139039,40.969049,UAVELIGIBLE
12,28.703990,41.023683,TRUCK
