Index,X,Y,CompletionTime
0,28.703990,41.023683,0.000000
7,29.124343,41.139730,2435.410000
11,29.139039,40.969049,3913.279843
3,28.955996,41.065625,5365.875415
6,28.823119,40.980178,6708.935415
9,28.711368,41.008279,7698.335415
12,28.703990,41.023683,7953.665415
