DroneIndex,iIndex,jIndex,kIndex,iX,iY,jX,jY,kX,kY,Launch[i],Arrival[j],Launch[j],Retrieval[k]
4,2,6,4,28.991278,41.080764,29.022498,41.097219,28.836921,41.001901,4324.090000,4592.580000,4652.580000,5552.740000
4,1,5,2,29.153167,40.940299,29.259813,41.025283,28.991278,41.080764,2760.120000,3339.525000,3399.525000,4264.090000
1,2,3,4,28.991278,41.080764,28.736074,40.974713,28.836921,41.001901,4234.090000,5046.700000,5106.700000,5522.740000
1,1,7,2,29.153167,40.940299,29.146891,41.143877,28.991278,41.080764,2700.120000,3465.005000,3525.005000,4174.090000
