IsServed,CustomerIndex,Penalty,ParcelVolume
1,1,1800.000000,2.011387
0,2,1800.000000,2.428960
1,3,1800.000000,2.147339
1,4,1800.000000,1.716949
1,5,1800.000000,5.805883
0,6,1800.000000,5.624024
0,7,1800.000000,1.835120
1,8,1800.000000,2.233128
1,9,1800.000000,7.075542
1,10,1800.000000,1.641237
1,11,1800.000000,2.329963
