Index,X,Y,CompletionTime
0,29.208318,40.917406,59.999955
9,29.173865,41.029684,1273.440000
4,29.040201,41.185680,3653.110000
3,29.043221,41.121139,4539.100000
5,29.127790,41.014931,5879.157776
12,29.208318,40.917406,6829.777776
