IsServed,CustomerIndex,Penalty,ParcelVolume
0,1,900.000000,5.574915
1,2,900.000000,2.143402
1,3,900.000000,5.530386
0,4,900.000000,1.362316
1,5,900.000000,1.728155
0,6,900.000000,1.375705
1,7,900.000000,1.366809
1,8,900.000000,1.778269
0,9,900.000000,4.388623
