IsServed,CustomerIndex,Penalty,ParcelVolume
1,1,900.000000,2.163207
1,2,900.000000,6.205636
1,3,900.000000,1.860430
1,4,900.000000,1.812634
1,5,900.000000,1.619156
1,6,900.000000,1.285469
1,7,900.000000,2.552930
