DroneIndex,iIndex,jIndex,kIndex,iX,iY,jX,jY,kX,kY,Launch[i],Arrival[j],Launch[j],Retrieval[k]
2,6,8,12,28.823119,40.980178,28.887595,41.013361,28.703990,41.023683,6708.935415,7111.280415,7171.280415,7953.665415
2,7,1,11,29.124343,41.139730,29.164102,41.185433,29.139039,40.969049,2405.410000,2751.120000,2811.120000,3793.280000
2,11,10,3,29.139039,40.969049,29.219816,40.958295,28.955996,41.065625,3913.279843,4331.124843,4391.124843,5365.875415
1,7,5,11,29.124343,41.139730,29.259612,40.985254,29.139039,40.969049,2345.410000,3156.290000,3216.290000,3853.279843
