IsServed,CustomerIndex,Penalty,ParcelVolume
0,1,900.000000,2.244244
0,2,900.000000,1.884298
0,3,900.000000,1.977817
0,4,900.000000,7.581389
0,5,900.000000,2.644422
1,6,900.000000,1.991525
1,7,900.000000,2.070634
