DroneIndex,iIndex,jIndex,kIndex,iX,iY,jX,jY,kX,kY,Launch[i],Arrival[j],Launch[j],Retrieval[k]
4,0,7,8,29.160101,40.912204,29.054382,40.992314,29.160101,40.912204,60.000000,573.055000,633.055000,1141.335000
0,0,6,8,29.160101,40.912204,29.119100,40.944515,29.160101,40.912204,120.000000,362.490000,422.490000,1111.335000
