Index,X,Y,CompletionTime
0,29.160101,40.912204,1081.335000
8,29.160101,40.912204,1141.335000
