DroneIndex,iIndex,jIndex,kIndex,iX,iY,jX,jY,kX,kY,Launch[i],Arrival[j],Launch[j],Retrieval[k]
3,3,11,4,29.088029,41.100492,28.799329,41.050488,28.981160,41.046132,2106.399735,2803.184735,2863.184735,3592.224735
4,4,7,12,28.981160,41.046132,28.935765,41.007597,29.082308,41.029350,3547.565265,3897.820265,3957.820265,4738.724735
4,1,10,3,29.219728,41.026371,29.227632,40.966615,29.088029,41.100492,942.450133,1416.090133,1476.090133,2263.835265
4,3,6,4,29.088029,41.100492,29.084006,41.023606,28.981160,41.046132,2323.835265,2747.080265,2807.080265,3487.565265
2,1,9,3,29.219728,41.026371,29.217992,40.981592,29.088029,41.100492,1002.450133,1265.630133,1325.630133,2136.399735
2,3,8,4,29.088029,41.100492,28.825586,41.054140,28.981160,41.046132,2203.834734,2901.319734,2961.319734,3622.224735
