Index,X,Y
0,29.333761,40.878938
3,28.965446,41.005001
6,28.941664,41.008078
7,28.843642,41.038988
5,29.097164,41.110738
4,29.100958,41.039687
1,29.193630,41.013466
2,29.282735,40.951153
8,29.333761,40.878938
