Index,X,Y,CompletionTime
0,28.703990,41.023683,0.000000
7,29.124343,41.139730,2435.410000
11,29.139039,40.969049,3973.280000
3,28.955996,41.065625,5485.875415
8,28.887595,41.013361,6440.135415
9,28.711368,41.008279,7591.795415
12,28.703990,41.023683,7817.125415
