DroneIndex,iIndex,jIndex,kIndex,iX,iY,jX,jY,kX,kY,Launch[i],Arrival[j],Launch[j],Retrieval[k]
0,0,1,4,29.442315,40.805331,29.245976,40.969152,28.851020,41.025410,60.000000,731.435000,791.435000,3160.590000
0,4,3,6,28.851020,41.025410,29.278775,40.977839,29.160179,41.171734,3220.590000,4520.785000,4580.785000,5716.275000
0,6,5,7,29.160179,41.171734,28.852149,41.108290,29.442315,40.805331,5806.275000,6735.767500,6795.767434,8660.725000
1,4,2,7,28.851020,41.025410,29.250962,40.963022,29.442315,40.805331,3309.487500,4521.340000,4581.339934,8630.725000
