Index,X,Y,Type
0,29.442315,40.805331,TRUCK
1,29.245976,40.969152,UAVELIGIBLE
2,29.250962,40.963022,UAVELIGIBLE
3,29.278775,40.977839,UAVELIGIBLE
4,28.851020,41.025410,TRUCK
5,28.852149,41.108290,UAVELIGIBLE
6,29.160179,41.171734,TRUCK
7,29.442315,40.805331,TRUCK
