Index,X,Y,CompletionTime
0,28.797346,41.057196,0.000000
1,28.844143,41.028388,705.080000
9,28.705158,41.000202,1786.770000
8,28.701336,41.000418,1861.290000
2,29.063855,40.968601,4288.430000
6,29.170114,40.895355,5106.400000
4,29.278667,40.968546,6389.040000
7,29.088953,41.020695,7511.150000
3,29.102735,41.027243,7773.290000
5,28.683448,41.346898,11045.740000
10,28.797346,41.057196,13646.100000
