Index,X,Y,CompletionTime
0,29.442315,40.805331,60.000000
4,28.851020,41.025410,3308.385000
6,29.160179,41.171734,5806.275000
7,29.442315,40.805331,8660.725000
