DroneIndex,iIndex,jIndex,kIndex,iX,iY,jX,jY,kX,kY,Launch[i],Arrival[j],Launch[j],Retrieval[k]
4,10,2,7,28.853434,41.108375,28.711601,41.029656,28.710131,41.000160,4333.707591,5077.787591,5137.787591,5791.577585
4,11,3,10,29.052888,41.084368,29.043221,41.121139,28.853434,41.108375,2976.347591,3284.707591,3344.707591,4213.707591
0,0,1,9,29.208318,40.917406,29.327241,40.872034,29.173865,41.029684,60.000000,476.410000,536.410000,1273.440000
0,11,4,10,29.052888,41.084368,29.040201,41.185680,28.853434,41.108375,2886.360000,3453.470000,3513.470000,4273.707591
