Index,X,Y,CompletionTime
0,29.208318,40.917406,60.000000
9,29.173865,41.029684,1273.440000
5,29.127790,41.014931,1843.510000
11,29.052888,41.084368,2976.347591
10,28.853434,41.108375,4333.707591
7,28.710131,41.000160,5821.577560
12,29.208318,40.917406,8686.497560
