Index,X,Y,CompletionTime
0,29.208318,40.917406,60.000000
9,29.173865,41.029684,1273.440000
11,29.052888,41.084368,2580.975000
5,29.127790,41.014931,3944.105000
12,29.208318,40.917406,4894.725000
