IsServed,CustomerIndex,Penalty,ParcelVolume
1,1,600.000000,2.068185
1,2,600.000000,2.461889
1,3,600.000000,1.580942
0,4,600.000000,1.049015
0,5,600.000000,1.683367
0,6,600.000000,1.392484
0,7,600.000000,6.234924
0,8,600.000000,1.920257
0,9,600.000000,1.793321
0,10,600.000000,1.380323
0,11,600.000000,6.027816
