DroneIndex,iIndex,jIndex,kIndex,iX,iY,jX,jY,kX,kY,Launch[i],Arrival[j],Launch[j],Retrieval[k]
1,0,2,12,28.773063,40.998369,28.928792,40.998854,28.773063,40.998369,120.000348,689.385348,749.385348,1343.069999
0,0,1,12,28.773063,40.998369,28.656152,40.967486,28.773063,40.998369,60.000000,649.960000,709.960000,1304.755000
2,0,3,12,28.773063,40.998369,28.739903,41.111234,28.773063,40.998369,179.999999,773.279999,833.279999,1373.069999
