Index,X,Y,CompletionTime
0,28.773063,40.998369,1274.755000
12,28.773063,40.998369,1373.068716
