IsServed,CustomerIndex,Penalty,ParcelVolume
1,1,2400.000000,1.866207
0,2,2400.000000,4.147924
1,3,2400.000000,5.986545
0,4,2400.000000,2.461566
1,5,2400.000000,1.633426
1,6,2400.000000,5.596053
1,7,2400.000000,5.525762
1,8,2400.000000,2.543976
1,9,2400.000000,7.564198
1,10,2400.000000,1.823265
1,11,2400.000000,2.129369
