IsServed,CustomerIndex,Penalty,ParcelVolume
1,1,1500.000000,2.068185
1,2,1500.000000,2.461889
1,3,1500.000000,1.580942
1,4,1500.000000,1.049015
1,5,1500.000000,1.683367
1,6,1500.000000,1.392484
0,7,1500.000000,6.234924
1,8,1500.000000,1.920257
1,9,1500.000000,1.793321
1,10,1500.000000,1.380323
0,11,1500.000000,6.027816
