DroneIndex,iIndex,jIndex,kIndex,iX,iY,jX,jY,kX,kY,Launch[i],Arrival[j],Launch[j],Retrieval[k]
1,5,6,8,29.138471,41.017604,29.215433,40.956266,28.920783,41.147410,2263.970000,2664.435000,2724.435000,3751.075000
3,3,2,12,28.739903,41.111234,28.928792,40.998854,28.773063,40.998369,5516.654911,6385.969911,6445.969911,7032.544911
3,5,10,8,29.138471,41.017604,29.271749,40.966597,28.920783,41.147410,2203.970000,2667.920000,2727.920000,3721.075000
2,5,9,8,29.138471,41.017604,29.212150,40.963135,28.920783,41.147410,2327.809911,2722.514911,2782.514911,3781.074911
4,3,1,12,28.739903,41.111234,28.656152,40.967486,28.773063,40.998369,5576.654911,6409.969911,6469.969911,7064.764911
4,5,4,8,29.138471,41.017604,29.043879,40.976394,28.920783,41.147410,2392.325000,2837.460000,2897.460000,3841.074911
