Index,X,Y,Type
0,28.773063,40.998369,TRUCK
1,28.656152,40.967486,UAVELIGIBLE
2,28.928792,40.998854,UAVELIGIBLE
3,28.739903,41.111234,UAVELIGIBLE
4,29.043879,40.976394,UAVELIGIBLE
5,29.138471,41.017604,UAVELIGIBLE
6,29.215433,40.956266,UAVELIGIBLE
7,29.268238,40.946121,TRUCK
8,28.920783,41.147410,UAVELIGIBLE
9,29.212150,40.963135,UAVELIGIBLE
10,29.271749,40.966597,UAVELIGIBLE
11,28.604909,41.093371,TRUCK
12,28.773063,40.998369,TRUCK
