Index,X,Y,CompletionTime
0,28.773063,40.998369,0.000000
5,29.138471,41.017604,2392.325000
8,28.920783,41.147410,3841.074911
3,28.739903,41.111234,5606.654911
12,28.773063,40.998369,7064.764821
