IsServed,CustomerIndex,Penalty,ParcelVolume
0,1,600.000000,1.885080
0,2,600.000000,2.667231
0,3,600.000000,2.503548
0,4,600.000000,2.078625
0,5,600.000000,8.266713
0,6,600.000000,2.258153
0,7,600.000000,4.401230
0,8,600.000000,4.774635
0,9,600.000000,1.942714
