Index,X,Y,CompletionTime
0,28.708302,41.028654,0.000000
9,28.674086,41.156142,1953.980000
7,28.820287,41.039158,3685.030000
10,28.708302,41.028654,5059.229795
