Index,X,Y,CompletionTime
0,28.708302,41.028654,60.000063
7,28.820287,41.039158,1608.590000
10,28.708302,41.028654,2982.789843
