DroneIndex,iIndex,jIndex,kIndex,iX,iY,jX,jY,kX,kY,Launch[i],Arrival[j],Launch[j],Retrieval[k]
0,9,5,7,28.907790,41.008608,28.770369,41.019595,28.973859,41.023961,3491.840000,4024.135000,4084.135000,4878.635000
0,0,1,3,29.226936,40.898724,29.244091,40.980026,29.270319,40.937479,60.000000,521.235000,581.235000,958.690000
0,3,8,4,29.270319,40.937479,29.283797,40.967855,29.262520,40.975326,1018.690000,1308.355000,1368.355000,1575.410000
1,0,2,4,29.226936,40.898724,29.155556,41.041249,29.262520,40.975326,120.000000,785.620000,845.620000,1605.410000
