Index,X,Y,CompletionTime
0,28.834787,41.017739,60.000000
1,28.959206,41.024611,1293.190000
4,28.981220,41.042958,1693.590000
9,28.947194,41.018725,2483.120000
8,28.710640,41.028968,4027.690000
10,28.834787,41.017739,5523.230000
