Index,X,Y,Type
0,28.708302,41.028654,TRUCK
1,29.278845,40.967896,TRUCK
2,29.260502,41.001772,UAVELIGIBLE
3,28.763392,41.036689,UAVELIGIBLE
4,28.951533,41.024870,UAVELIGIBLE
5,29.144979,40.980963,UAVELIGIBLE
6,28.899415,40.992468,UAVELIGIBLE
7,28.820287,41.039158,UAVELIGIBLE
8,28.853122,41.022436,UAVELIGIBLE
9,28.674086,41.156142,UAVELIGIBLE
10,28.708302,41.028654,TRUCK
