DroneIndex,iIndex,jIndex,kIndex,iX,iY,jX,jY,kX,kY,Launch[i],Arrival[j],Launch[j],Retrieval[k]
3,2,5,4,29.282735,40.951153,29.097164,41.110738,29.100958,41.039687,1042.230000,1871.570000,1931.570000,2546.669999
3,4,6,3,29.100958,41.039687,28.941664,41.008078,28.965446,41.005001,2636.669999,3248.204999,3308.204999,3883.849999
0,2,1,4,29.282735,40.951153,29.193630,41.013466,29.100958,41.039687,1102.229999,1630.264999,1690.264999,2456.669999
0,4,7,3,29.100958,41.039687,28.843642,41.038988,28.965446,41.005001,2516.669999,3316.704999,3376.704999,3943.849999
