IsServed,CustomerIndex,Penalty,ParcelVolume
0,1,2400.000000,2.244244
1,2,2400.000000,1.884298
0,3,2400.000000,1.977817
1,4,2400.000000,7.581389
1,5,2400.000000,2.644422
1,6,2400.000000,1.991525
1,7,2400.000000,2.070634
