DroneIndex,iIndex,jIndex,kIndex,iX,iY,jX,jY,kX,kY,Launch[i],Arrival[j],Launch[j],Retrieval[k]
2,7,3,8,29.102451,40.958433,28.952354,41.060017,29.087121,41.137799,5673.950000,6282.760000,6342.760000,7102.575000
0,1,4,2,28.646187,40.995593,28.712801,40.998845,28.733663,40.979736,2626.200000,2908.650000,2968.650000,3366.950000
0,7,5,8,29.102451,40.958433,28.975788,41.036729,29.087121,41.137799,5613.950000,6281.370000,6341.370000,7139.225000
