Index,X,Y,CompletionTime
0,29.087121,41.137799,0.000000
1,28.646187,40.995593,2656.200000
2,28.733663,40.979736,3366.950000
7,29.102451,40.958433,5703.950000
8,29.087121,41.137799,7139.225000
