DroneIndex,iIndex,jIndex,kIndex,iX,iY,jX,jY,kX,kY,Launch[i],Arrival[j],Launch[j],Retrieval[k]
4,1,7,9,28.959206,41.024611,28.797390,40.973078,28.947194,41.018725,1173.190000,1832.005000,1892.005000,2453.120000
0,1,3,9,28.959206,41.024611,28.825400,41.069039,28.947194,41.018725,1293.190000,1692.385000,1752.385000,2271.950000
1,1,5,9,28.959206,41.024611,29.092703,40.969198,28.947194,41.018725,1113.190000,1717.590000,1777.590000,2423.120000
