Index,X,Y,Type
0,28.834787,41.017739,TRUCK
1,28.959206,41.024611,UAVELIGIBLE
2,29.216322,40.921457,TRUCK
3,28.825400,41.069039,UAVELIGIBLE
4,28.981220,41.042958,TRUCK
5,29.092703,40.969198,UAVELIGIBLE
6,29.393758,40.809153,UAVELIGIBLE
7,28.797390,40.973078,UAVELIGIBLE
8,28.710640,41.028968,TRUCK
9,28.947194,41.018725,UAVELIGIBLE
10,28.834787,41.017739,TRUCK
