DroneIndex,iIndex,jIndex,kIndex,iX,iY,jX,jY,kX,kY,Launch[i],Arrival[j],Launch[j],Retrieval[k]
0,5,2,10,29.011909,41.082770,29.227840,40.987467,29.035352,40.986610,5632.425000,6314.590000,6374.590000,7111.555000
0,7,6,5,29.109232,41.124963,29.162126,41.176382,29.011909,41.082770,4355.460000,4818.665000,4878.665000,5572.425000
1,5,8,10,29.011909,41.082770,28.953842,41.018752,29.035352,40.986610,5808.215000,6246.355000,6306.355000,7141.555000
1,7,4,5,29.109232,41.124963,29.167862,41.205026,29.011909,41.082770,4265.460000,4857.795000,4917.795000,5748.215000
