Index,X,Y
0,29.226936,40.898724
3,29.270319,40.937479
8,29.283797,40.967855
4,29.262520,40.975326
1,29.244091,40.980026
6,29.429066,41.197073
2,29.155556,41.041249
5,28.770369,41.019595
9,28.907790,41.008608
7,28.973859,41.023961
10,29.226936,40.898724
