Index,X,Y,CompletionTime
0,29.281065,40.949782,384.020000
2,29.269837,40.989924,956.220000
8,29.281065,40.949782,1558.764999
