Index,X,Y,CompletionTime
0,29.226936,40.898724,1164.945000
10,29.226936,40.898724,1530.995000
