DroneIndex,iIndex,jIndex,kIndex,iX,iY,jX,jY,kX,kY,Launch[i],Arrival[j],Launch[j],Retrieval[k]
1,1,5,9,28.959206,41.024611,29.092703,40.969198,28.947194,41.018725,1113.190000,1717.590000,1777.590000,2423.120000
0,1,3,9,28.959206,41.024611,28.825400,41.069039,28.947194,41.018725,1203.190000,1602.385000,1662.385000,2181.950000
0,9,7,10,28.947194,41.018725,28.797390,40.973078,28.834787,41.017739,2241.950000,2834.130000,2894.130000,3355.010000
