Index,X,Y,CompletionTime
0,29.160101,40.912204,0.000000
2,28.840886,41.045646,2115.850000
5,28.836036,41.063093,2493.900000
4,29.175865,41.032567,4219.230000
8,29.160101,40.912204,5586.530000
