Index,X,Y,CompletionTime
0,29.035352,40.986610,0.000000
5,29.011909,41.082770,1056.650000
3,29.005234,41.043567,1540.690000
10,29.035352,40.986610,2445.105000
