DroneIndex,iIndex,jIndex,kIndex,iX,iY,jX,jY,kX,kY,Launch[i],Arrival[j],Launch[j],Retrieval[k]
4,4,10,3,29.040201,41.185680,28.853434,41.108375,29.043221,41.121139,3139.780000,3852.970000,3912.970000,4539.100000
3,4,11,3,29.040201,41.185680,29.052888,41.084368,29.043221,41.121139,3199.780000,3773.685000,3833.685000,4449.100000
3,0,1,9,29.208318,40.917406,29.327241,40.872034,29.173865,41.029684,59.999955,476.409643,536.409598,1273.439045
1,4,8,3,29.040201,41.185680,29.039768,41.250214,29.043221,41.121139,3079.780000,3570.640000,3630.640000,4509.100000
