Index,X,Y
0,29.082308,41.029350
6,29.084006,41.023606
5,29.521977,40.783584
2,29.240283,40.963892
10,29.227632,40.966615
9,29.217992,40.981592
1,29.219728,41.026371
3,29.088029,41.100492
11,28.799329,41.050488
8,28.825586,41.054140
7,28.935765,41.007597
4,28.981160,41.046132
12,29.082308,41.029350
