Index,X,Y
0,29.281065,40.949782
8,29.281065,40.949782
