IsServed,CustomerIndex,Penalty,ParcelVolume
1,1,1800.000000,2.163207
0,2,1800.000000,6.205636
1,3,1800.000000,1.860430
1,4,1800.000000,1.812634
1,5,1800.000000,1.619156
1,6,1800.000000,1.285469
1,7,1800.000000,2.552930
