Index,X,Y,CompletionTime
0,29.226936,40.898724,240.000000
10,29.226936,40.898724,1372.205000
