Index,X,Y,CompletionTime
0,29.160101,40.912204,120.000000
8,29.160101,40.912204,1141.335000
