IsServed,CustomerIndex,Penalty,ParcelVolume
1,1,1800.000000,5.316839
1,2,1800.000000,2.252458
1,3,1800.000000,2.207503
1,4,1800.000000,1.563182
1,5,1800.000000,2.119034
1,6,1800.000000,5.995723
1,7,1800.000000,5.992566
