DroneIndex,iIndex,jIndex,kIndex,iX,iY,jX,jY,kX,kY,Launch[i],Arrival[j],Launch[j],Retrieval[k]
3,3,5,2,28.952354,41.060017,28.975788,41.036729,28.733663,40.979736,1432.740000,1646.660000,1706.660000,2768.110000
4,3,4,2,28.952354,41.060017,28.712801,40.998845,28.733663,40.979736,1492.740000,2160.915000,2220.915000,2708.110000
