DroneIndex,iIndex,jIndex,kIndex,iX,iY,jX,jY,kX,kY,Launch[i],Arrival[j],Launch[j],Retrieval[k]
0,0,2,4,29.281065,40.949782,29.269837,40.989924,29.369938,40.791902,120.000000,391.100000,451.100000,1487.211489
4,1,3,7,28.886965,41.038416,28.777052,40.994713,28.787924,40.994844,4952.931489,5467.926489,5527.926489,5921.111489
4,0,6,4,29.281065,40.949782,29.210152,41.009734,29.369938,40.791902,60.000000,509.230000,569.230000,1457.220000
