IsServed,CustomerIndex,Penalty,ParcelVolume
1,1,2400.000000,2.054511
0,2,2400.000000,4.708169
1,3,2400.000000,2.020039
1,4,2400.000000,4.029925
1,5,2400.000000,2.712049
0,6,2400.000000,1.220465
1,7,2400.000000,1.514766
1,8,2400.000000,7.325468
1,9,2400.000000,1.851904
