DroneIndex,iIndex,jIndex,kIndex,iX,iY,jX,jY,kX,kY,Launch[i],Arrival[j],Launch[j],Retrieval[k]
1,0,7,1,28.834787,41.017739,28.797390,40.973078,28.959206,41.024611,60.000000,480.435000,540.435000,1233.190000
1,1,3,9,28.959206,41.024611,28.825400,41.069039,28.947194,41.018725,1293.190000,1692.385000,1752.385000,2271.950000
4,1,5,9,28.959206,41.024611,29.092703,40.969198,28.947194,41.018725,1173.190000,1777.590000,1837.590000,2483.120000
