DroneIndex,iIndex,jIndex,kIndex,iX,iY,jX,jY,kX,kY,Launch[i],Arrival[j],Launch[j],Retrieval[k]
0,5,2,10,29.011909,41.082770,29.227840,40.987467,29.035352,40.986610,966.650000,1648.815000,1708.815000,2445.105000
2,5,8,10,29.011909,41.082770,28.953842,41.018752,29.035352,40.986610,1056.650000,1494.790000,1554.790000,2385.105000
4,5,7,10,29.011909,41.082770,29.109232,41.124963,29.035352,40.986610,906.650000,1489.800000,1549.800000,2415.105000
