IsServed,CustomerIndex,Penalty,ParcelVolume
1,1,1800.000000,2.027333
1,2,1800.000000,2.136171
1,3,1800.000000,2.393927
1,4,1800.000000,2.603448
1,5,1800.000000,2.130082
0,6,1800.000000,2.010502
1,7,1800.000000,1.329399
1,8,1800.000000,2.538863
1,9,1800.000000,4.829398
