Index,X,Y,Type
0,29.226936,40.898724,TRUCK
1,29.244091,40.980026,UAVELIGIBLE
2,29.155556,41.041249,UAVELIGIBLE
3,29.270319,40.937479,UAVELIGIBLE
4,29.262520,40.975326,UAVELIGIBLE
5,28.770369,41.019595,UAVELIGIBLE
6,29.429066,41.197073,UAVELIGIBLE
7,28.973859,41.023961,UAVELIGIBLE
8,29.283797,40.967855,UAVELIGIBLE
9,28.907790,41.008608,TRUCK
10,29.226936,40.898724,TRUCK
