Index,X,Y,CompletionTime
0,29.226936,40.898724,120.000000
3,29.270319,40.937479,1048.690000
4,29.262520,40.975326,1605.410000
9,28.907790,41.008608,3521.840000
7,28.973859,41.023961,4878.635000
10,29.226936,40.898724,6773.755000
