xcoord,ycoord
28.7039896571128,41.0236827228093
29.1641015308776,41.1854326026753
29.38620865,40.8034891
28.9559956315602,41.0656248512562
29.1258903019287,40.9543891182634
29.2596117884193,40.9852540326254
28.8231188648457,40.980177828638
29.12434345,41.1397299
28.8875949330424,41.0133612993783
28.7113680555736,41.0082793515766
29.2198158383631,40.958294939992
29.1390394891638,40.9690489253389
