xcoord,ycoord
28.7730632,40.998369
28.6561517,40.96748575
28.928791798535,40.9988539205112
28.7399031228963,41.1112339423765
29.0438785239429,40.9763940526026
29.1384706425684,41.0176037731314
29.215432965586,40.9562655599244
29.2682383579944,40.946121128353
28.9207831475217,41.1474104099585
29.2121500612488,40.9631347275176
29.27174905,40.9665966
28.6049085701231,41.0933714417736
