xcoord,ycoord
29.109739,41.1377342
28.7799636252534,41.0410895584485
29.225229975194,41.2237166446795
28.8340127383706,41.0585167589751
28.9423860620454,41.0281463082717
29.0422708,41.1212002
29.0229078742796,41.0769650056201
29.1278937975668,40.9393513383347
29.1942771579317,41.0185993601692
29.30204795,40.95475365
28.8621881593155,41.0367427679603
28.8408998540292,41.027410281093
