xcoord,ycoord
29.2083183665102,40.9174061736746
29.32724065,40.8720337
28.7116006748684,41.0296555938119
29.0432211742046,41.1211391549169
29.0402012947566,41.1856800964664
29.1277898404221,41.0149312489117
29.3702614355318,40.7908800838316
28.7101308479898,41.0001602158793
29.0397675,41.25021435
29.1738654749153,41.0296835043207
28.8534335573827,41.1083753056231
29.05288825,41.0843675
