xcoord,ycoord
29.0823084495937,41.029350003491
29.2197280526054,41.0263708378206
29.240282598482,40.9638922910724
29.0880286551319,41.1004915357709
28.9811604878028,41.0461317882088
29.5219766101898,40.7835839372612
29.0840064886079,41.0236063643737
28.9357645497618,41.0075966802312
28.8255855871906,41.0541401306972
29.2179923345283,40.9815920853893
29.2276324042803,40.9666148038523
28.7993291830733,41.0504876017845
