IsServed,CustomerIndex,Penalty,ParcelVolume
0,1,1200.000000,5.316839
0,2,1200.000000,2.252458
1,3,1200.000000,2.207503
0,4,1200.000000,1.563182
1,5,1200.000000,2.119034
1,6,1200.000000,5.995723
1,7,1200.000000,5.992566
