DroneIndex,iIndex,jIndex,kIndex,iX,iY,jX,jY,kX,kY,Launch[i],Arrival[j],Launch[j],Retrieval[k]
2,0,3,10,29.226936,40.898724,29.270319,40.937479,29.226936,40.898724,180.000000,584.345000,644.345000,1061.945000
4,0,8,10,29.226936,40.898724,29.283797,40.967855,29.226936,40.898724,120.000000,711.340000,771.340000,1500.995000
3,0,4,10,29.226936,40.898724,29.262520,40.975326,29.226936,40.898724,240.000000,716.735000,776.735000,1470.995000
0,0,1,10,29.226936,40.898724,29.244091,40.980026,29.226936,40.898724,300.000000,761.235000,821.235000,1440.995000
1,0,2,10,29.226936,40.898724,29.155556,41.041249,29.226936,40.898724,60.000000,725.620000,785.620000,1530.995000
