IsServed,CustomerIndex,Penalty,ParcelVolume
0,1,600.000000,3.991991
0,2,600.000000,4.964858
1,3,600.000000,1.915272
1,4,600.000000,1.624428
0,5,600.000000,5.527375
1,6,600.000000,2.488841
1,7,600.000000,2.062999
0,8,600.000000,1.765670
1,9,600.000000,1.487457
1,10,600.000000,2.423937
0,11,600.000000,1.478970
