DroneIndex,iIndex,jIndex,kIndex,iX,iY,jX,jY,kX,kY,Launch[i],Arrival[j],Launch[j],Retrieval[k]
3,0,9,12,29.082308,41.029350,29.217992,40.981592,29.082308,41.029350,180.000000,733.715000,793.715000,1365.345119
0,0,3,12,29.082308,41.029350,29.088029,41.100492,29.082308,41.029350,300.000000,772.735000,832.735000,1305.345000
2,0,7,12,29.082308,41.029350,28.935765,41.007597,29.082308,41.029350,120.000000,671.260000,731.260000,1425.344996
1,0,4,12,29.082308,41.029350,28.981160,41.046132,29.082308,41.029350,240.000000,702.095000,762.095000,1335.345000
4,0,10,12,29.082308,41.029350,29.227632,40.966615,29.082308,41.029350,60.000000,648.130000,708.130000,1395.344996
