DroneIndex,iIndex,jIndex,kIndex,iX,iY,jX,jY,kX,kY,Launch[i],Arrival[j],Launch[j],Retrieval[k]
0,4,6,8,29.175865,41.032567,29.119100,40.944515,29.160101,40.912204,4219.230000,4670.455000,4730.455000,5556.530000
1,4,7,8,29.175865,41.032567,29.054382,40.992314,29.160101,40.912204,4159.230000,4658.340000,4718.340000,5586.530000
