xcoord,ycoord
28.834786640438,41.0177394582127
28.9592056203312,41.0246108342298
29.216321755439,40.921456900057
28.8253998745367,41.069039254435
28.9812202617665,41.0429578145827
29.0927033288252,40.9691982675343
29.3937583222404,40.8091529889845
28.7973897234076,40.9730777438351
28.7106399306986,41.0289680457562
28.9471944468312,41.0187248461127
