xcoord,ycoord
29.2544165,40.96578195
28.7007947520688,41.036956551635
29.3855782717141,40.7586776242073
29.16391565,41.14251115
29.2673139336328,40.8131547780025
29.2801094908472,40.9813002352355
28.98993051746,41.0462714762
29.21897835,41.0118523
29.0319884937989,41.1638220193679
28.69517695,41.03384655
