xcoord,ycoord
29.0353524187541,40.9866101490285
29.27670205,40.9491922
29.2278401294939,40.987466760759
29.005234136096,41.0435666777159
29.16786195,41.2050262
29.0119086899024,41.0827701375096
29.1621259,41.1763815
29.1092322,41.1249626
28.9538423760285,41.0187516734949
29.1786458669829,40.8879875070716
