xcoord,ycoord
29.2269364261435,40.8987243444093
29.2440906306206,40.9800263406918
29.1555558115212,41.0412488224705
29.2703193,40.93747915
29.26252035,40.97532575
28.770369,41.0195945
29.42906615,41.1970734
28.9738594534179,41.023961224871
29.28379745,40.96785535
28.90779,41.0086079
