xcoord,ycoord
28.7083019720687,41.0286542535961
29.2788453452802,40.9678957363105
29.2605016652988,41.0017724929561
28.7633924377878,41.0366888027506
28.9515326944811,41.0248700190186
29.1449794939844,40.9809633293615
28.8994154850623,40.9924676820944
28.8202868974604,41.0391580254116
28.85312185,41.0224357
28.6740864274085,41.1561419032203
