DroneIndex,iIndex,jIndex,kIndex,iX,iY,jX,jY,kX,kY,Launch[i],Arrival[j],Launch[j],Retrieval[k]
3,2,3,4,28.991278,41.080764,28.736074,40.974713,28.836921,41.001901,3148.700000,3961.310000,4021.310000,4417.290000
0,6,7,2,29.022498,41.097219,29.146891,41.143877,28.991278,41.080764,1862.750000,2483.595000,2543.595000,3188.640000
