Index,X,Y
0,29.035352,40.986610
10,29.035352,40.986610
