Index,X,Y,CompletionTime
0,29.281065,40.949782,120.000000
4,29.369938,40.791902,1517.219999
5,29.106361,40.970183,3336.329999
1,28.886965,41.038416,4952.939999
7,28.787924,40.994844,5921.119999
8,29.281065,40.949782,8511.499999
