IsServed,CustomerIndex,Penalty,ParcelVolume
0,1,2400.000000,2.227640
1,2,2400.000000,2.267854
1,3,2400.000000,1.645646
1,4,2400.000000,2.025907
0,5,2400.000000,2.132114
1,6,2400.000000,1.619143
1,7,2400.000000,1.955879
