IsServed,CustomerIndex,Penalty,ParcelVolume
0,1,900.000000,1.866207
0,2,900.000000,4.147924
0,3,900.000000,5.986545
0,4,900.000000,2.461566
0,5,900.000000,1.633426
0,6,900.000000,5.596053
0,7,900.000000,5.525762
0,8,900.000000,2.543976
1,9,900.000000,7.564198
0,10,900.000000,1.823265
0,11,900.000000,2.129369
