DroneIndex,iIndex,jIndex,kIndex,iX,iY,jX,jY,kX,kY,Launch[i],Arrival[j],Launch[j],Retrieval[k]
3,11,10,3,29.139039,40.969049,29.219816,40.958295,28.955996,41.065625,3853.280030,4271.125030,4331.125030,5395.880030
3,7,1,11,29.124343,41.139730,29.164102,41.185433,29.139039,40.969049,2345.410000,2691.120000,2751.120000,3793.280030
1,11,4,3,29.139039,40.969049,29.125890,40.954389,28.955996,41.065625,3943.280030,4163.905030,4223.905030,5485.876460
1,7,5,11,29.124343,41.139730,29.259612,40.985254,29.139039,40.969049,2435.410000,3246.290000,3306.290000,3883.280030
