IsServed,CustomerIndex,Penalty,ParcelVolume
1,1,2100.000000,5.574915
1,2,2100.000000,2.143402
1,3,2100.000000,5.530386
1,4,2100.000000,1.362316
1,5,2100.000000,1.728155
1,6,2100.000000,1.375705
1,7,2100.000000,1.366809
1,8,2100.000000,1.778269
1,9,2100.000000,4.388623
