Index,X,Y
0,29.160101,40.912204
8,29.160101,40.912204
