IsServed,CustomerIndex,Penalty,ParcelVolume
0,1,1500.000000,1.885080
0,2,1500.000000,2.667231
1,3,1500.000000,2.503548
0,4,1500.000000,2.078625
1,5,1500.000000,8.266713
1,6,1500.000000,2.258153
1,7,1500.000000,4.401230
0,8,1500.000000,4.774635
0,9,1500.000000,1.942714
