Index,X,Y
0,28.746189,41.191168
3,28.736074,40.974713
4,28.836921,41.001901
1,29.153167,40.940299
5,29.259813,41.025283
7,29.146891,41.143877
6,29.022498,41.097219
2,28.991278,41.080764
8,28.746189,41.191168
