IsServed,CustomerIndex,Penalty,ParcelVolume
0,1,2400.000000,7.559983
0,2,2400.000000,2.146139
1,3,2400.000000,1.460084
1,4,2400.000000,2.273912
0,5,2400.000000,1.870504
1,6,2400.000000,2.442452
1,7,2400.000000,2.404076
1,8,2400.000000,2.044119
1,9,2400.000000,2.334902
