IsServed,CustomerIndex,Penalty,ParcelVolume
1,1,2400.000000,2.366351
1,2,2400.000000,2.344051
1,3,2400.000000,1.945305
1,4,2400.000000,2.264801
1,5,2400.000000,1.746571
1,6,2400.000000,1.566749
1,7,2400.000000,1.996797
