Index,X,Y
0,28.746189,41.191168
8,28.746189,41.191168
