DroneIndex,iIndex,jIndex,kIndex,iX,iY,jX,jY,kX,kY,Launch[i],Arrival[j],Launch[j],Retrieval[k]
0,4,7,8,28.951533,41.024870,28.820287,41.039158,28.853122,41.022436,7727.580000,8283.455000,8343.455000,8663.920000
0,5,6,4,29.144979,40.980963,28.899415,40.992468,28.951533,41.024870,6213.810000,6978.440000,7038.440000,7637.580000
0,1,2,5,29.278845,40.967896,29.260502,41.001772,29.144979,40.980963,5179.450000,5449.985000,5509.985000,6153.810000
0,8,3,10,28.853122,41.022436,28.763392,41.036689,28.708302,41.028654,8723.920000,9206.740000,9266.740000,10196.188967
