IsServed,CustomerIndex,Penalty,ParcelVolume
0,1,1200.000000,2.244244
0,2,1200.000000,1.884298
0,3,1200.000000,1.977817
0,4,1200.000000,7.581389
0,5,1200.000000,2.644422
1,6,1200.000000,1.991525
1,7,1200.000000,2.070634
