Index,X,Y,Type
0,29.160101,40.912204,TRUCK
1,28.771271,41.288929,UAVELIGIBLE
2,28.840886,41.045646,UAVELIGIBLE
3,29.574359,40.771971,UAVELIGIBLE
4,29.175865,41.032567,TRUCK
5,28.836036,41.063093,UAVELIGIBLE
6,29.119100,40.944515,UAVELIGIBLE
7,29.054382,40.992314,UAVELIGIBLE
8,29.160101,40.912204,TRUCK
