Index,X,Y,CompletionTime
0,28.708302,41.028654,0.000000
7,28.820287,41.039158,1578.589929
10,28.708302,41.028654,2982.789929
