Index,X,Y
0,28.703990,41.023683
7,29.124343,41.139730
1,29.164102,41.185433
5,29.259612,40.985254
2,29.386209,40.803489
10,29.219816,40.958295
11,29.139039,40.969049
4,29.125890,40.954389
3,28.955996,41.065625
8,28.887595,41.013361
6,28.823119,40.980178
9,28.711368,41.008279
12,28.703990,41.023683
