Index,X,Y,CompletionTime
0,29.226936,40.898724,240.000000
3,29.270319,40.937479,1534.730000
10,29.226936,40.898724,2309.930000
