Index,X,Y
0,29.109739,41.137734
12,29.109739,41.137734
