DroneIndex,iIndex,jIndex,kIndex,iX,iY,jX,jY,kX,kY,Launch[i],Arrival[j],Launch[j],Retrieval[k]
1,9,3,11,29.173865,41.029684,29.043221,41.121139,29.052888,41.084368,1213.560000,1870.900000,1930.899479,2422.630000
0,0,1,9,29.208318,40.917406,29.327241,40.872034,29.173865,41.029684,60.000000,476.410000,536.410000,1273.440000
0,11,4,5,29.052888,41.084368,29.040201,41.185680,29.127790,41.014931,2392.750000,2959.860000,3019.860000,3944.105000
2,9,10,11,29.173865,41.029684,28.853434,41.108375,29.052888,41.084368,1123.680000,1928.370000,1988.370000,2580.975000
