Index,X,Y,CompletionTime
0,29.035352,40.986610,0.000000
7,29.109232,41.124963,1894.900000
5,29.011909,41.082770,3233.440000
3,29.005234,41.043567,3717.480000
10,29.035352,40.986610,4537.435000
