Index,X,Y,CompletionTime
0,29.254417,40.965782,0.000000
5,29.280109,40.981300,376.810000
10,29.254417,40.965782,711.120000
