IsServed,CustomerIndex,Penalty,ParcelVolume
0,1,600.000000,2.244244
0,2,600.000000,1.884298
0,3,600.000000,1.977817
0,4,600.000000,7.581389
0,5,600.000000,2.644422
1,6,600.000000,1.991525
1,7,600.000000,2.070634
