Index,X,Y
0,29.035352,40.986610
9,29.178646,40.887988
2,29.227840,40.987467
1,29.276702,40.949192
6,29.162126,41.176382
4,29.167862,41.205026
7,29.109232,41.124963
5,29.011909,41.082770
3,29.005234,41.043567
8,28.953842,41.018752
10,29.035352,40.986610
