Index,X,Y,CompletionTime
0,28.746189,41.191168,0.000000
1,29.153167,40.940299,2790.120000
2,28.991278,41.080764,4264.089999
4,28.836921,41.001901,5552.739999
8,28.746189,41.191168,7023.159999
