DroneIndex,iIndex,jIndex,kIndex,iX,iY,jX,jY,kX,kY,Launch[i],Arrival[j],Launch[j],Retrieval[k]
4,0,4,8,29.281065,40.949782,29.369938,40.791902,29.281065,40.949782,60.000000,713.609999,773.609999,1558.764999
2,0,5,8,29.281065,40.949782,29.106361,40.970183,29.281065,40.949782,186.145000,854.780000,914.780000,1528.765000
3,0,6,8,29.281065,40.949782,29.210152,41.009734,29.281065,40.949782,502.625000,951.855000,1011.855000,1468.765000
1,0,2,8,29.281065,40.949782,29.269837,40.989924,29.281065,40.949782,120.000000,391.100000,451.100000,1498.765000
