IsServed,CustomerIndex,Penalty,ParcelVolume
1,1,1200.000000,2.027333
1,2,1200.000000,2.136171
1,3,1200.000000,2.393927
1,4,1200.000000,2.603448
0,5,1200.000000,2.130082
0,6,1200.000000,2.010502
0,7,1200.000000,1.329399
1,8,1200.000000,2.538863
0,9,1200.000000,4.829398
