,osm_id,xcoord,ycoord,Type,ParcelVolume
0,0,29.442315,40.80533085,TRUCK,0
1,1,29.2459755,40.9691524,UAVELIGIBLE,1.7471170514566419
2,2,29.2509623,40.9630221,UAVELIGIBLE,1.4172706345956843
3,3,29.27877451,40.97783943,UAVELIGIBLE,1.873481954103765
4,4,28.85102015,41.02541022,TRUCK,4.102622607937697
5,5,28.85214898,41.10828983,UAVELIGIBLE,1.9767851614111418
6,6,29.16017889,41.17173403,TRUCK,5.403693796356518
7,7,29.442315,40.80533085,TRUCK,0
