,osm_id,xcoord,ycoord,Type,ParcelVolume
0,0,29.442315,40.80533085,TRUCK,0
1,1,29.2459755,40.9691524,UAVELIGIBLE,1.7341579514166319
2,2,29.2509623,40.9630221,TRUCK,5.614240911319841
3,3,29.27877451,40.97783943,TRUCK,4.034667809568548
4,4,28.85102015,41.02541022,UAVELIGIBLE,1.9493992054346334
5,5,28.85214898,41.10828983,UAVELIGIBLE,1.9128315048090552
6,6,29.16017889,41.17173403,TRUCK,6.384230705942758
7,7,29.442315,40.80533085,TRUCK,0
