Index,X,Y,Type
0,28.797346,41.057196,TRUCK
1,28.844143,41.028388,UAVELIGIBLE
2,29.063855,40.968601,UAVELIGIBLE
3,29.102735,41.027243,UAVELIGIBLE
4,29.278667,40.968546,UAVELIGIBLE
5,28.683448,41.346898,UAVELIGIBLE
6,29.170114,40.895355,TRUCK
7,29.088953,41.020695,UAVELIGIBLE
8,28.701336,41.000418,UAVELIGIBLE
9,28.705158,41.000202,UAVELIGIBLE
10,28.797346,41.057196,TRUCK
