IsServed,CustomerIndex,Penalty,ParcelVolume
1,1,1800.000000,7.559983
1,2,1800.000000,2.146139
1,3,1800.000000,1.460084
1,4,1800.000000,2.273912
1,5,1800.000000,1.870504
1,6,1800.000000,2.442452
1,7,1800.000000,2.404076
1,8,1800.000000,2.044119
0,9,1800.000000,2.334902
