DroneIndex,iIndex,jIndex,kIndex,iX,iY,jX,jY,kX,kY,Launch[i],Arrival[j],Launch[j],Retrieval[k]
0,5,8,4,29.144979,40.980963,28.853122,41.022436,28.951533,41.024870,5106.770000,6016.240000,6076.240000,6620.540001
0,1,2,5,29.278845,40.967896,29.260502,41.001772,29.144979,40.980963,4072.410000,4342.945000,4402.945000,5046.770000
1,0,3,7,28.708302,41.028654,28.763392,41.036689,28.820287,41.039158,60.000000,589.100000,649.100000,1428.590000
1,5,6,4,29.144979,40.980963,28.899415,40.992468,28.951533,41.024870,5196.770000,5961.400000,6021.400000,6650.539944
