Index,X,Y,CompletionTime
0,28.708302,41.028654,60.000000
7,28.820287,41.039158,1428.590000
1,29.278845,40.967896,4072.410000
5,29.144979,40.980963,5196.770000
4,28.951533,41.024870,6650.539944
10,28.708302,41.028654,8214.589686
