IsServed,CustomerIndex,Penalty,ParcelVolume
1,1,1200.000000,3.991991
0,2,1200.000000,4.964858
1,3,1200.000000,1.915272
1,4,1200.000000,1.624428
0,5,1200.000000,5.527375
1,6,1200.000000,2.488841
1,7,1200.000000,2.062999
1,8,1200.000000,1.765670
1,9,1200.000000,1.487457
1,10,1200.000000,2.423937
1,11,1200.000000,1.478970
