IsServed,CustomerIndex,Penalty,ParcelVolume
0,1,1500.000000,7.559983
0,2,1500.000000,2.146139
1,3,1500.000000,1.460084
1,4,1500.000000,2.273912
0,5,1500.000000,1.870504
1,6,1500.000000,2.442452
1,7,1500.000000,2.404076
1,8,1500.000000,2.044119
0,9,1500.000000,2.334902
