DroneIndex,iIndex,jIndex,kIndex,iX,iY,jX,jY,kX,kY,Launch[i],Arrival[j],Launch[j],Retrieval[k]
3,7,6,10,28.820287,41.039158,28.899415,40.992468,28.708302,41.028654,1428.590000,1934.795000,1994.795000,2952.789929
0,7,4,10,28.820287,41.039158,28.951533,41.024870,28.708302,41.028654,1488.589929,2053.674929,2113.674929,2982.789929
4,7,8,10,28.820287,41.039158,28.853122,41.022436,28.708302,41.028654,1368.590000,1641.345000,1701.345000,2892.789929
1,7,3,10,28.820287,41.039158,28.763392,41.036689,28.708302,41.028654,1578.589929,1951.139929,2011.139929,2922.789929
