IsServed,CustomerIndex,Penalty,ParcelVolume
1,1,1200.000000,2.054511
0,2,1200.000000,4.708169
1,3,1200.000000,2.020039
1,4,1200.000000,4.029925
1,5,1200.000000,2.712049
0,6,1200.000000,1.220465
1,7,1200.000000,1.514766
0,8,1200.000000,7.325468
1,9,1200.000000,1.851904
