IsServed,CustomerIndex,Penalty,ParcelVolume
0,1,900.000000,3.991991
0,2,900.000000,4.964858
1,3,900.000000,1.915272
1,4,900.000000,1.624428
0,5,900.000000,5.527375
1,6,900.000000,2.488841
1,7,900.000000,2.062999
0,8,900.000000,1.765670
1,9,900.000000,1.487457
1,10,900.000000,2.423937
0,11,900.000000,1.478970
