Index,X,Y,CompletionTime
0,29.082308,41.029350,933.395000
6,29.084006,41.023606,1097.155000
12,29.082308,41.029350,1425.344994
