IsServed,CustomerIndex,Penalty,ParcelVolume
1,1,2100.000000,1.885080
1,2,2100.000000,2.667231
1,3,2100.000000,2.503548
1,4,2100.000000,2.078625
1,5,2100.000000,8.266713
1,6,2100.000000,2.258153
1,7,2100.000000,4.401230
1,8,2100.000000,4.774635
1,9,2100.000000,1.942714
