Index,X,Y,CompletionTime
0,29.254417,40.965782,0.000000
5,29.280109,40.981300,376.810000
7,29.218978,41.011852,1161.070000
6,28.989931,41.046271,2718.160000
8,29.031988,41.163822,3957.920000
9,28.695177,41.033847,6044.810000
1,28.700795,41.036957,6239.900000
4,29.267314,40.813155,9973.770000
2,29.385578,40.758678,11320.610000
10,29.254417,40.965782,13006.326227
