Index,X,Y,CompletionTime
0,28.708302,41.028654,0.000000
2,29.260502,41.001772,3060.850000
5,29.144979,40.980963,4232.510000
9,28.674086,41.156142,6983.900000
7,28.820287,41.039158,8714.950000
10,28.708302,41.028654,10089.150000
