IsServed,CustomerIndex,Penalty,ParcelVolume
1,1,900.000000,2.054511
0,2,900.000000,4.708169
1,3,900.000000,2.020039
0,4,900.000000,4.029925
0,5,900.000000,2.712049
0,6,900.000000,1.220465
1,7,900.000000,1.514766
0,8,900.000000,7.325468
1,9,900.000000,1.851904
