Index,X,Y,Type
0,29.255920,40.978429,TRUCK
1,29.301576,40.943142,UAVELIGIBLE
2,28.946526,41.008025,UAVELIGIBLE
3,28.732968,40.977241,UAVELIGIBLE
4,29.092281,41.064181,UAVELIGIBLE
5,29.104754,40.948849,UAVELIGIBLE
6,28.971132,41.044684,TRUCK
7,28.789196,40.988178,TRUCK
8,28.849407,41.061618,UAVELIGIBLE
9,29.538811,40.792248,UAVELIGIBLE
10,29.255920,40.978429,TRUCK
