Index,X,Y,CompletionTime
0,29.255920,40.978429,0.000000
1,29.301576,40.943142,705.080000
9,29.538811,40.792248,1786.770000
8,28.849407,41.061618,1861.290000
2,28.946526,41.008025,4288.430000
6,28.971132,41.044684,5106.400000
4,29.092281,41.064181,6389.040000
7,28.789196,40.988178,7511.150000
3,28.732968,40.977241,7773.290000
5,29.104754,40.948849,11045.740000
10,29.255920,40.978429,13646.100000
