Index,X,Y,Type
0,29.082308,41.029350,TRUCK
1,29.219728,41.026371,TRUCK
2,29.240283,40.963892,TRUCK
3,29.088029,41.100492,UAVELIGIBLE
4,28.981160,41.046132,UAVELIGIBLE
5,29.521977,40.783584,TRUCK
6,29.084006,41.023606,UAVELIGIBLE
7,28.935765,41.007597,UAVELIGIBLE
8,28.825586,41.054140,UAVELIGIBLE
9,29.217992,40.981592,UAVELIGIBLE
10,29.227632,40.966615,UAVELIGIBLE
11,28.799329,41.050488,UAVELIGIBLE
12,29.082308,41.029350,TRUCK
