DroneIndex,iIndex,jIndex,kIndex,iX,iY,jX,jY,kX,kY,Launch[i],Arrival[j],Launch[j],Retrieval[k]
3,0,8,7,28.708302,41.028654,28.853122,41.022436,28.820287,41.039158,60.000000,790.730000,850.730000,1548.589466
0,0,6,7,28.708302,41.028654,28.899415,40.992468,28.820287,41.039158,120.000000,882.830000,942.830000,1578.589821
0,7,3,10,28.820287,41.039158,28.763392,41.036689,28.708302,41.028654,1638.589821,2011.139821,2071.139821,2952.789823
2,7,4,10,28.820287,41.039158,28.951533,41.024870,28.708302,41.028654,1518.589998,2083.674998,2143.674998,2982.789819
