Index,X,Y,CompletionTime
0,28.703990,41.023683,0.000000
9,28.711368,41.008279,255.330000
12,28.703990,41.023683,480.660000
