Index,X,Y
0,29.087121,41.137799
8,29.087121,41.137799
