DroneIndex,iIndex,jIndex,kIndex,iX,iY,jX,jY,kX,kY,Launch[i],Arrival[j],Launch[j],Retrieval[k]
1,4,5,3,29.100958,41.039687,29.097164,41.110738,28.965446,41.005001,1811.110000,2313.200000,2373.200000,3208.290030
4,4,7,3,29.100958,41.039687,28.843642,41.038988,28.965446,41.005001,1751.110000,2551.145000,2611.145000,3178.290030
3,4,1,3,29.100958,41.039687,29.193630,41.013466,28.965446,41.005001,1901.110000,2225.250000,2285.250000,3238.289941
