Index,X,Y,CompletionTime
0,29.333761,40.878938,0.000000
4,29.100958,41.039687,1901.110000
3,28.965446,41.005001,3238.289941
6,28.941664,41.008078,3504.299941
8,29.333761,40.878938,5909.699941
