Index,X,Y
0,28.773063,40.998369
2,28.928792,40.998854
4,29.043879,40.976394
6,29.215433,40.956266
9,29.212150,40.963135
7,29.268238,40.946121
10,29.271749,40.966597
5,29.138471,41.017604
8,28.920783,41.147410
3,28.739903,41.111234
11,28.604909,41.093371
1,28.656152,40.967486
12,28.773063,40.998369
