DroneIndex,iIndex,jIndex,kIndex,iX,iY,jX,jY,kX,kY,Launch[i],Arrival[j],Launch[j],Retrieval[k]
0,0,1,10,29.226936,40.898724,29.244091,40.980026,29.226936,40.898724,248.790000,710.025000,770.025000,1323.735000
2,0,3,10,29.226936,40.898724,29.270319,40.937479,29.226936,40.898724,308.790000,713.135000,773.135000,1190.735000
1,0,2,10,29.226936,40.898724,29.155556,41.041249,29.226936,40.898724,60.000000,725.620000,785.620000,1530.995000
4,0,8,10,29.226936,40.898724,29.283797,40.967855,29.226936,40.898724,188.790000,780.130000,840.130000,1500.995000
3,0,4,10,29.226936,40.898724,29.262520,40.975326,29.226936,40.898724,120.000000,596.735000,656.735000,1223.510000
