DroneIndex,iIndex,jIndex,kIndex,iX,iY,jX,jY,kX,kY,Launch[i],Arrival[j],Launch[j],Retrieval[k]
0,4,3,8,28.836921,41.001901,28.736074,40.974713,28.746189,41.191168,5552.739999,5941.529999,6001.529999,7023.159999
0,1,5,2,29.153167,40.940299,29.259813,41.025283,28.991278,41.080764,2760.120000,3339.525000,3399.525000,4264.089999
1,2,6,4,28.991278,41.080764,29.022498,41.097219,28.836921,41.001901,4234.089999,4502.579999,4562.579999,5492.739999
1,1,7,2,29.153167,40.940299,29.146891,41.143877,28.991278,41.080764,2700.120000,3465.005000,3525.005000,4174.089999
