DroneIndex,iIndex,jIndex,kIndex,iX,iY,jX,jY,kX,kY,Launch[i],Arrival[j],Launch[j],Retrieval[k]
2,0,1,9,29.208318,40.917406,29.327241,40.872034,29.173865,41.029684,60.000000,476.410000,536.410000,1273.440000
2,3,8,4,29.043221,41.121139,29.039768,41.250214,29.040201,41.185680,3201.974580,4067.929580,4127.929580,4651.794580
4,3,11,4,29.043221,41.121139,29.052888,41.084368,29.040201,41.185680,3416.094580,3693.059580,3753.059580,4350.169580
4,5,10,3,29.127790,41.014931,28.853434,41.108375,29.043221,41.121139,1903.504580,2669.964580,2729.964580,3356.094580
