Index,X,Y,CompletionTime
0,29.082308,41.029350,0.000000
1,29.219728,41.026371,1032.449735
3,29.088029,41.100492,2323.835265
4,28.981160,41.046132,3622.224735
12,29.082308,41.029350,4738.724734
