Index,X,Y,CompletionTime
0,29.281065,40.949782,240.000000
8,29.281065,40.949782,1558.764999
