Index,X,Y,Type
0,29.035352,40.986610,TRUCK
1,29.276702,40.949192,TRUCK
2,29.227840,40.987467,UAVELIGIBLE
3,29.005234,41.043567,TRUCK
4,29.167862,41.205026,UAVELIGIBLE
5,29.011909,41.082770,UAVELIGIBLE
6,29.162126,41.176382,UAVELIGIBLE
7,29.109232,41.124963,UAVELIGIBLE
8,28.953842,41.018752,UAVELIGIBLE
9,29.178646,40.887988,TRUCK
10,29.035352,40.986610,TRUCK
