Index,X,Y
0,28.834787,41.017739
10,28.834787,41.017739
