IsServed,CustomerIndex,Penalty,ParcelVolume
0,1,900.000000,1.885080
0,2,900.000000,2.667231
0,3,900.000000,2.503548
0,4,900.000000,2.078625
1,5,900.000000,8.266713
0,6,900.000000,2.258153
0,7,900.000000,4.401230
0,8,900.000000,4.774635
0,9,900.000000,1.942714
