IsServed,CustomerIndex,Penalty,ParcelVolume
0,1,1200.000000,2.227640
1,2,1200.000000,2.267854
1,3,1200.000000,1.645646
1,4,1200.000000,2.025907
0,5,1200.000000,2.132114
0,6,1200.000000,1.619143
0,7,1200.000000,1.955879
