DroneIndex,iIndex,jIndex,kIndex,iX,iY,jX,jY,kX,kY,Launch[i],Arrival[j],Launch[j],Retrieval[k]
2,0,3,4,28.746189,41.191168,28.736074,40.974713,28.836921,41.001901,120.000000,977.970000,1037.970000,1638.410000
1,0,2,4,28.746189,41.191168,28.991278,41.080764,28.836921,41.001901,60.000000,900.640000,960.640000,1578.410000
