xcoord,ycoord
28.80147725,41.0056797
28.9445532472436,41.0511701210442
29.1007431588376,41.0190441568196
28.7970776840403,40.9710035513205
29.5267772847274,40.7686468475489
29.089736,41.02124965
29.2964636567056,40.943000481816
28.9785878673562,41.0312806181216
29.2624159695393,40.9631701025724
29.2711161134835,40.9820314232945
29.27769455,40.92964705
28.9613785611695,41.0501128484276
29.2525252600259,41.0173162308812
29.0750727489318,40.9762360351294
