xcoord,ycoord
28.8987413220363,41.1217884917094
29.04169415,40.9901373
29.1406582240011,41.0128495157033
28.8367860318464,41.0500314347606
29.3058021666495,40.8683828666826
29.2763875324442,40.9455595837252
29.07042895,41.2047807
29.0975719667326,40.958972900929
28.6139348323501,41.0051007011739
29.2712746217914,40.9723906785004
28.8725576586304,40.9810463554749
28.780106002961,40.9976160665637
29.098203,41.04719285
29.2795246765023,40.9441008428916
