xcoord,ycoord
29.2976886550268,40.9577403230623
29.0905227770429,41.0430891041479
29.2367642821105,40.9621024410197
29.30425855,40.8641961
29.1659567,41.0262337
29.0425182768504,41.1789428722374
28.9304177412989,41.0163800088922
28.9179186505234,41.0259954309355
29.0945061938611,40.8790563776179
28.8086340744968,41.0551540407239
29.2250110809924,40.9930463567978
29.538415,40.7862981
29.1473865043984,40.9298388455729
28.8328005751399,41.0382463535657
