xcoord,ycoord
28.8012897568383,40.9946500755223
28.7219222618782,41.0851215089461
28.9586557327453,41.0240850128277
29.0953361175953,40.9766368984464
28.64613105,40.99576105
29.3264263164386,40.8684009946281
29.0393724840623,41.2044578773354
29.0369826069067,41.2139015710408
29.2191065415285,41.2191963701789
29.2481441628037,40.9622294294033
29.5732945570611,40.7743143737664
29.5374357665497,40.7894873667802
29.14037485,40.98573655
29.1089795874877,40.9510043869286
