xcoord,ycoord
28.9236347712743,41.0008118894694
29.1969960879866,40.9177136730394
28.9360568040831,41.0024097636777
29.2520275324648,41.0119999717966
29.1229291764262,41.150141219191
29.5477847595218,40.7907066211532
29.1756179174768,41.0091654958354
29.3689615117447,40.7969972402475
28.984733372735,41.0456080483399
28.8593584269301,41.015057602929
29.043392679174,41.2083777199754
29.0028574,41.0779205
28.9752655,41.08999775
29.0303036397947,40.9926824647956
