DroneIndex,iIndex,jIndex,kIndex,iX,iY,jX,jY,kX,kY,Launch[i],Arrival[j],Launch[j],Retrieval[k]
0,7,3,10,28.820287,41.039158,28.763392,41.036689,28.708302,41.028654,1608.590000,1981.140000,2041.140000,2982.789719
3,0,8,7,28.708302,41.028654,28.853122,41.022436,28.820287,41.039158,60.000000,790.730000,850.730000,1548.590000
1,7,4,10,28.820287,41.039158,28.951533,41.024870,28.708302,41.028654,1458.590000,2023.675000,2083.675000,2922.790011
2,7,6,10,28.820287,41.039158,28.899415,40.992468,28.708302,41.028654,1518.590000,2024.795000,2084.795000,2952.790011
