Index,X,Y
0,29.254417,40.965782
10,29.254417,40.965782
