Index,X,Y,CompletionTime
0,29.160101,40.912204,1051.655784
8,29.160101,40.912204,1141.335000
