Index,X,Y,CompletionTime
0,28.708302,41.028654,0.000000
9,28.674086,41.156142,1893.980000
1,29.278845,40.967896,5179.450000
5,29.144979,40.980963,6243.810000
4,28.951533,41.024870,7727.580000
8,28.853122,41.022436,8753.920000
10,28.708302,41.028654,10196.190000
