Index,X,Y
0,28.708302,41.028654
9,28.674086,41.156142
2,29.260502,41.001772
1,29.278845,40.967896
5,29.144979,40.980963
4,28.951533,41.024870
6,28.899415,40.992468
8,28.853122,41.022436
7,28.820287,41.039158
3,28.763392,41.036689
10,28.708302,41.028654
