Index,X,Y,Type
0,29.333761,40.878938,TRUCK
1,29.193630,41.013466,UAVELIGIBLE
2,29.282735,40.951153,TRUCK
3,28.965446,41.005001,UAVELIGIBLE
4,29.100958,41.039687,UAVELIGIBLE
5,29.097164,41.110738,UAVELIGIBLE
6,28.941664,41.008078,UAVELIGIBLE
7,28.843642,41.038988,UAVELIGIBLE
8,29.333761,40.878938,TRUCK
