Index,X,Y,CompletionTime
0,29.333761,40.878938,0.000000
2,29.282735,40.951153,1132.230000
4,29.100958,41.039687,2636.670000
3,28.965446,41.005001,3943.850000
8,29.333761,40.878938,6292.170000
