IsServed,CustomerIndex,Penalty,ParcelVolume
0,1,600.000000,7.559983
0,2,600.000000,2.146139
1,3,600.000000,1.460084
0,4,600.000000,2.273912
0,5,600.000000,1.870504
0,6,600.000000,2.442452
1,7,600.000000,2.404076
1,8,600.000000,2.044119
0,9,600.000000,2.334902
