DroneIndex,iIndex,jIndex,kIndex,iX,iY,jX,jY,kX,kY,Launch[i],Arrival[j],Launch[j],Retrieval[k]
1,0,7,10,28.708302,41.028654,28.820287,41.039158,28.708302,41.028654,120.000000,774.295000,834.295000,1506.395000
0,0,3,10,28.708302,41.028654,28.763392,41.036689,28.708302,41.028654,180.000000,709.100000,769.100000,1396.205000
2,0,8,10,28.708302,41.028654,28.853122,41.022436,28.708302,41.028654,60.000000,790.730000,850.730000,1586.865000
