DroneIndex,iIndex,jIndex,kIndex,iX,iY,jX,jY,kX,kY,Launch[i],Arrival[j],Launch[j],Retrieval[k]
1,5,8,10,29.011909,41.082770,28.953842,41.018752,29.035352,40.986610,4616.875000,5055.015000,5115.015000,5950.214999
1,7,4,5,29.109232,41.124963,29.167862,41.205026,29.011909,41.082770,3074.120000,3666.455000,3726.455000,4556.875000
2,5,2,10,29.011909,41.082770,29.227840,40.987467,29.035352,40.986610,4468.650000,5150.815000,5210.815000,5920.215000
2,7,6,5,29.109232,41.124963,29.162126,41.176382,29.011909,41.082770,3134.120000,3597.325000,3657.325000,4355.090000
