DroneIndex,iIndex,jIndex,kIndex,iX,iY,jX,jY,kX,kY,Launch[i],Arrival[j],Launch[j],Retrieval[k]
2,7,4,10,28.820287,41.039158,28.951533,41.024870,28.708302,41.028654,8564.950000,9130.035000,9190.035000,10029.150000
1,7,3,10,28.820287,41.039158,28.763392,41.036689,28.708302,41.028654,8684.950000,9057.500000,9117.500000,10089.150000
0,7,6,10,28.820287,41.039158,28.899415,40.992468,28.708302,41.028654,8624.950000,9131.155000,9191.155000,10059.150000
0,9,8,7,28.674086,41.156142,28.853122,41.022436,28.820287,41.039158,6983.900000,7841.305000,7901.305000,8504.950000
