Index,X,Y,CompletionTime
0,28.746189,41.191168,0.000000
6,29.022498,41.097219,1892.750000
2,28.991278,41.080764,3188.640000
4,28.836921,41.001901,4417.290000
8,28.746189,41.191168,5857.710000
