IsServed,CustomerIndex,Penalty,ParcelVolume
1,1,900.000000,2.011387
0,2,900.000000,2.428960
1,3,900.000000,2.147339
0,4,900.000000,1.716949
1,5,900.000000,5.805883
0,6,900.000000,5.624024
0,7,900.000000,1.835120
0,8,900.000000,2.233128
1,9,900.000000,7.075542
0,10,900.000000,1.641237
1,11,900.000000,2.329963
