DroneIndex,iIndex,jIndex,kIndex,iX,iY,jX,jY,kX,kY,Launch[i],Arrival[j],Launch[j],Retrieval[k]
1,5,3,9,29.127790,41.014931,29.043221,41.121139,29.173865,41.029684,1105.120000,1724.355000,1784.355000,2556.515000
2,5,11,9,29.127790,41.014931,29.052888,41.084368,29.173865,41.029684,1195.120000,1686.545000,1746.545000,2496.515030
0,9,1,12,29.173865,41.029684,29.327241,40.872034,29.208318,40.917406,2109.165000,2862.535030,2922.535030,3639.165000
