Index,X,Y,CompletionTime
0,29.208318,40.917406,0.000000
5,29.127790,41.014931,1195.120000
9,29.173865,41.029684,2556.515000
12,29.208318,40.917406,3639.164970
