IsServed,CustomerIndex,Penalty,ParcelVolume
0,1,600.000000,2.227640
0,2,600.000000,2.267854
0,3,600.000000,1.645646
0,4,600.000000,2.025907
0,5,600.000000,2.132114
0,6,600.000000,1.619143
0,7,600.000000,1.955879
